{"/":{"":{"Adapter_name":"OnshapeCreoViewWriter","Adapter_platform":"x86e_linux64","Adapter_version":"19.0.0.0-O5U3hr"},"__PV_SystemProperties":{"Child Count":"160","Component Name":"RootAssembly","Display Name":"RootAssembly","Model Extents (mm)":"82.9818","OL File Name":"","Part Depth":"1","Part ID Path":"/","Part Name":"RootAssembly","Part Path":"RootAssembly"}},"/@@PV-AUTO-ID@@000":{"__PV_SystemProperties":{"Child Count":"0","Component Name":"Part 160_47","Display Name":"Part 160_47","Model Extents (mm)":"4.57409","OL File Name":"Part 160_47.ol","Part Depth":"2","Part ID":"@@PV-AUTO-ID@@000","Part ID Path":"/@@PV-AUTO-ID@@000","Part Name":"Part 160_47","Part Path":"RootAssembly/Part 160_47"}},"/@@PV-AUTO-ID@@001":{"__PV_SystemProperties":{"Child Count":"0","Component Name":"Part 159_48","Display Name":"Part 159_48","Model Extents (mm)":"4.4797","OL File Name":"Part 159_48.ol","Part Depth":"2","Part ID":"@@PV-AUTO-ID@@001","Part ID Path":"/@@PV-AUTO-ID@@001","Part Name":"Part 159_48","Part Path":"RootAssembly/Part 159_48"}},"/@@PV-AUTO-ID@@002":{"__PV_SystemProperties":{"Child Count":"0","Component Name":"Part 158_49","Display Name":"Part 158_49","Model Extents (mm)":"4.38078","OL File Name":"Part 158_49.ol","Part Depth":"2","Part ID":"@@PV-AUTO-ID@@002","Part ID Path":"/@@PV-AUTO-ID@@002","Part Name":"Part 158_49","Part Path":"RootAssembly/Part 158_49"}},"/@@PV-AUTO-ID@@003":{"__PV_SystemProperties":{"Child Count":"0","Component Name":"Part 157_50","Display Name":"Part 157_50","Model Extents (mm)":"4.27741","OL File Name":"Part 157_50.ol","Part Depth":"2","Part ID":"@@PV-AUTO-ID@@003","Part ID Path":"/@@PV-AUTO-ID@@003","Part Name":"Part 157_50","Part Path":"RootAssembly/Part 157_50"}},"/@@PV-AUTO-ID@@004":{"__PV_SystemProperties":{"Child Count":"0","Component Name":"Part 156_51","Display Name":"Part 156_51","Model Extents (mm)":"4.16972","OL File Name":"Part 156_51.ol","Part Depth":"2","Part ID":"@@PV-AUTO-ID@@004","Part ID Path":"/@@PV-AUTO-ID@@004","Part Name":"Part 156_51","Part Path":"RootAssembly/Part 156_51"}},"/@@PV-AUTO-ID@@005":{"__PV_SystemProperties":{"Child Count":"0","Component Name":"Part 155_52","Display Name":"Part 155_52","Model Extents (mm)":"4.05779","OL File Name":"Part 155_52.ol","Part Depth":"2","Part ID":"@@PV-AUTO-ID@@005","Part ID Path":"/@@PV-AUTO-ID@@005","Part Name":"Part 155_52","Part Path":"RootAssembly/Part 155_52"}},"/@@PV-AUTO-ID@@006":{"__PV_SystemProperties":{"Child Count":"0","Component Name":"Part 154_53","Display Name":"Part 154_53","Model Extents (mm)":"4.06172","OL File Name":"Part 154_53.ol","Part Depth":"2","Part ID":"@@PV-AUTO-ID@@006","Part ID Path":"/@@PV-AUTO-ID@@006","Part Name":"Part 154_53","Part Path":"RootAssembly/Part 154_53"}},"/@@PV-AUTO-ID@@007":{"__PV_SystemProperties":{"Child Count":"0","Component Name":"Part 153_54","Display Name":"Part 153_54","Model Extents (mm)":"4.1735","OL File Name":"Part 153_54.ol","Part Depth":"2","Part ID":"@@PV-AUTO-ID@@007","Part ID Path":"/@@PV-AUTO-ID@@007","Part Name":"Part 153_54","Part Path":"RootAssembly/Part 153_54"}},"/@@PV-AUTO-ID@@008":{"__PV_SystemProperties":{"Child Count":"0","Component Name":"Part 152_55","Display Name":"Part 152_55","Model Extents (mm)":"4.28105","OL File Name":"Part 152_55.ol","Part Depth":"2","Part ID":"@@PV-AUTO-ID@@008","Part ID Path":"/@@PV-AUTO-ID@@008","Part Name":"Part 152_55","Part Path":"RootAssembly/Part 152_55"}},"/@@PV-AUTO-ID@@009":{"__PV_SystemProperties":{"Child Count":"0","Component Name":"Part 151_56","Display Name":"Part 151_56","Model Extents (mm)":"4.38426","OL File Name":"Part 151_56.ol","Part Depth":"2","Part ID":"@@PV-AUTO-ID@@009","Part ID Path":"/@@PV-AUTO-ID@@009","Part Name":"Part 151_56","Part Path":"RootAssembly/Part 151_56"}},"/@@PV-AUTO-ID@@010":{"__PV_SystemProperties":{"Child Count":"0","Component Name":"Part 150_57","Display Name":"Part 150_57","Model Extents (mm)":"4.48303","OL File Name":"Part 150_57.ol","Part Depth":"2","Part ID":"@@PV-AUTO-ID@@010","Part ID Path":"/@@PV-AUTO-ID@@010","Part Name":"Part 150_57","Part Path":"RootAssembly/Part 150_57"}},"/@@PV-AUTO-ID@@011":{"__PV_SystemProperties":{"Child Count":"0","Component Name":"Part 149_58","Display Name":"Part 149_58","Model Extents (mm)":"4.57726","OL File Name":"Part 149_58.ol","Part Depth":"2","Part ID":"@@PV-AUTO-ID@@011","Part ID Path":"/@@PV-AUTO-ID@@011","Part Name":"Part 149_58","Part Path":"RootAssembly/Part 149_58"}},"/@@PV-AUTO-ID@@012":{"__PV_SystemProperties":{"Child Count":"0","Component Name":"Part 148_59","Display Name":"Part 148_59","Model Extents (mm)":"4.66685","OL File Name":"Part 148_59.ol","Part Depth":"2","Part ID":"@@PV-AUTO-ID@@012","Part ID Path":"/@@PV-AUTO-ID@@012","Part Name":"Part 148_59","Part Path":"RootAssembly/Part 148_59"}},"/@@PV-AUTO-ID@@013":{"__PV_SystemProperties":{"Child Count":"0","Component Name":"Part 147_60","Display Name":"Part 147_60","Model Extents (mm)":"4.75171","OL File Name":"Part 147_60.ol","Part Depth":"2","Part ID":"@@PV-AUTO-ID@@013","Part ID Path":"/@@PV-AUTO-ID@@013","Part Name":"Part 147_60","Part Path":"RootAssembly/Part 147_60"}},"/@@PV-AUTO-ID@@014":{"__PV_SystemProperties":{"Child Count":"0","Component Name":"Part 146_61","Display Name":"Part 146_61","Model Extents (mm)":"4.83176","OL File Name":"Part 146_61.ol","Part Depth":"2","Part ID":"@@PV-AUTO-ID@@014","Part ID Path":"/@@PV-AUTO-ID@@014","Part Name":"Part 146_61","Part Path":"RootAssembly/Part 146_61"}},"/@@PV-AUTO-ID@@015":{"__PV_SystemProperties":{"Child Count":"0","Component Name":"Part 145_62","Display Name":"Part 145_62","Model Extents (mm)":"4.90691","OL File Name":"Part 145_62.ol","Part Depth":"2","Part ID":"@@PV-AUTO-ID@@015","Part ID Path":"/@@PV-AUTO-ID@@015","Part Name":"Part 145_62","Part Path":"RootAssembly/Part 145_62"}},"/@@PV-AUTO-ID@@016":{"__PV_SystemProperties":{"Child Count":"0","Component Name":"Part 144_63","Display Name":"Part 144_63","Model Extents (mm)":"4.97709","OL File Name":"Part 144_63.ol","Part Depth":"2","Part ID":"@@PV-AUTO-ID@@016","Part ID Path":"/@@PV-AUTO-ID@@016","Part Name":"Part 144_63","Part Path":"RootAssembly/Part 144_63"}},"/@@PV-AUTO-ID@@017":{"__PV_SystemProperties":{"Child Count":"0","Component Name":"Part 143_64","Display Name":"Part 143_64","Model Extents (mm)":"5.04223","OL File Name":"Part 143_64.ol","Part Depth":"2","Part ID":"@@PV-AUTO-ID@@017","Part ID Path":"/@@PV-AUTO-ID@@017","Part Name":"Part 143_64","Part Path":"RootAssembly/Part 143_64"}},"/@@PV-AUTO-ID@@018":{"__PV_SystemProperties":{"Child Count":"0","Component Name":"Part 142_65","Display Name":"Part 142_65","Model Extents (mm)":"5.10225","OL File Name":"Part 142_65.ol","Part Depth":"2","Part ID":"@@PV-AUTO-ID@@018","Part ID Path":"/@@PV-AUTO-ID@@018","Part Name":"Part 142_65","Part Path":"RootAssembly/Part 142_65"}},"/@@PV-AUTO-ID@@019":{"__PV_SystemProperties":{"Child Count":"0","Component Name":"Part 141_66","Display Name":"Part 141_66","Model Extents (mm)":"5.15711","OL File Name":"Part 141_66.ol","Part Depth":"2","Part ID":"@@PV-AUTO-ID@@019","Part ID Path":"/@@PV-AUTO-ID@@019","Part Name":"Part 141_66","Part Path":"RootAssembly/Part 141_66"}},"/@@PV-AUTO-ID@@020":{"__PV_SystemProperties":{"Child Count":"0","Component Name":"Part 140_67","Display Name":"Part 140_67","Model Extents (mm)":"5.20674","OL File Name":"Part 140_67.ol","Part Depth":"2","Part ID":"@@PV-AUTO-ID@@020","Part ID Path":"/@@PV-AUTO-ID@@020","Part Name":"Part 140_67","Part Path":"RootAssembly/Part 140_67"}},"/@@PV-AUTO-ID@@021":{"__PV_SystemProperties":{"Child Count":"0","Component Name":"Part 139_68","Display Name":"Part 139_68","Model Extents (mm)":"5.2511","OL File Name":"Part 139_68.ol","Part Depth":"2","Part ID":"@@PV-AUTO-ID@@021","Part ID Path":"/@@PV-AUTO-ID@@021","Part Name":"Part 139_68","Part Path":"RootAssembly/Part 139_68"}},"/@@PV-AUTO-ID@@022":{"__PV_SystemProperties":{"Child Count":"0","Component Name":"Part 138_69","Display Name":"Part 138_69","Model Extents (mm)":"5.29013","OL File Name":"Part 138_69.ol","Part Depth":"2","Part ID":"@@PV-AUTO-ID@@022","Part ID Path":"/@@PV-AUTO-ID@@022","Part Name":"Part 138_69","Part Path":"RootAssembly/Part 138_69"}},"/@@PV-AUTO-ID@@023":{"__PV_SystemProperties":{"Child Count":"0","Component Name":"Part 137_70","Display Name":"Part 137_70","Model Extents (mm)":"5.32381","OL File Name":"Part 137_70.ol","Part Depth":"2","Part ID":"@@PV-AUTO-ID@@023","Part ID Path":"/@@PV-AUTO-ID@@023","Part Name":"Part 137_70","Part Path":"RootAssembly/Part 137_70"}},"/@@PV-AUTO-ID@@024":{"__PV_SystemProperties":{"Child Count":"0","Component Name":"Part 136_71","Display Name":"Part 136_71","Model Extents (mm)":"5.35209","OL File Name":"Part 136_71.ol","Part Depth":"2","Part ID":"@@PV-AUTO-ID@@024","Part ID Path":"/@@PV-AUTO-ID@@024","Part Name":"Part 136_71","Part Path":"RootAssembly/Part 136_71"}},"/@@PV-AUTO-ID@@025":{"__PV_SystemProperties":{"Child Count":"0","Component Name":"Part 135_72","Display Name":"Part 135_72","Model Extents (mm)":"5.37495","OL File Name":"Part 135_72.ol","Part Depth":"2","Part ID":"@@PV-AUTO-ID@@025","Part ID Path":"/@@PV-AUTO-ID@@025","Part Name":"Part 135_72","Part Path":"RootAssembly/Part 135_72"}},"/@@PV-AUTO-ID@@026":{"__PV_SystemProperties":{"Child Count":"0","Component Name":"Part 134_73","Display Name":"Part 134_73","Model Extents (mm)":"5.39236","OL File Name":"Part 134_73.ol","Part Depth":"2","Part ID":"@@PV-AUTO-ID@@026","Part ID Path":"/@@PV-AUTO-ID@@026","Part Name":"Part 134_73","Part Path":"RootAssembly/Part 134_73"}},"/@@PV-AUTO-ID@@027":{"__PV_SystemProperties":{"Child Count":"0","Component Name":"Part 133_74","Display Name":"Part 133_74","Model Extents (mm)":"5.4043","OL File Name":"Part 133_74.ol","Part Depth":"2","Part ID":"@@PV-AUTO-ID@@027","Part ID Path":"/@@PV-AUTO-ID@@027","Part Name":"Part 133_74","Part Path":"RootAssembly/Part 133_74"}},"/@@PV-AUTO-ID@@028":{"__PV_SystemProperties":{"Child Count":"0","Component Name":"Part 132_75","Display Name":"Part 132_75","Model Extents (mm)":"5.41078","OL File Name":"Part 132_75.ol","Part Depth":"2","Part ID":"@@PV-AUTO-ID@@028","Part ID Path":"/@@PV-AUTO-ID@@028","Part Name":"Part 132_75","Part Path":"RootAssembly/Part 132_75"}},"/@@PV-AUTO-ID@@029":{"__PV_SystemProperties":{"Child Count":"0","Component Name":"Part 131_76","Display Name":"Part 131_76","Model Extents (mm)":"5.41176","OL File Name":"Part 131_76.ol","Part Depth":"2","Part ID":"@@PV-AUTO-ID@@029","Part ID Path":"/@@PV-AUTO-ID@@029","Part Name":"Part 131_76","Part Path":"RootAssembly/Part 131_76"}},"/@@PV-AUTO-ID@@030":{"__PV_SystemProperties":{"Child Count":"0","Component Name":"Part 130_77","Display Name":"Part 130_77","Model Extents (mm)":"5.40727","OL File Name":"Part 130_77.ol","Part Depth":"2","Part ID":"@@PV-AUTO-ID@@030","Part ID Path":"/@@PV-AUTO-ID@@030","Part Name":"Part 130_77","Part Path":"RootAssembly/Part 130_77"}},"/@@PV-AUTO-ID@@031":{"__PV_SystemProperties":{"Child Count":"0","Component Name":"Part 129_78","Display Name":"Part 129_78","Model Extents (mm)":"5.41096","OL File Name":"Part 129_78.ol","Part Depth":"2","Part ID":"@@PV-AUTO-ID@@031","Part ID Path":"/@@PV-AUTO-ID@@031","Part Name":"Part 129_78","Part Path":"RootAssembly/Part 129_78"}},"/@@PV-AUTO-ID@@032":{"__PV_SystemProperties":{"Child Count":"0","Component Name":"Part 128_79","Display Name":"Part 128_79","Model Extents (mm)":"5.41167","OL File Name":"Part 128_79.ol","Part Depth":"2","Part ID":"@@PV-AUTO-ID@@032","Part ID Path":"/@@PV-AUTO-ID@@032","Part Name":"Part 128_79","Part Path":"RootAssembly/Part 128_79"}},"/@@PV-AUTO-ID@@033":{"__PV_SystemProperties":{"Child Count":"0","Component Name":"Part 127_80","Display Name":"Part 127_80","Model Extents (mm)":"5.4069","OL File Name":"Part 127_80.ol","Part Depth":"2","Part ID":"@@PV-AUTO-ID@@033","Part ID Path":"/@@PV-AUTO-ID@@033","Part Name":"Part 127_80","Part Path":"RootAssembly/Part 127_80"}},"/@@PV-AUTO-ID@@034":{"__PV_SystemProperties":{"Child Count":"0","Component Name":"Part 126_81","Display Name":"Part 126_81","Model Extents (mm)":"5.39665","OL File Name":"Part 126_81.ol","Part Depth":"2","Part ID":"@@PV-AUTO-ID@@034","Part ID Path":"/@@PV-AUTO-ID@@034","Part Name":"Part 126_81","Part Path":"RootAssembly/Part 126_81"}},"/@@PV-AUTO-ID@@035":{"__PV_SystemProperties":{"Child Count":"0","Component Name":"Part 125_82","Display Name":"Part 125_82","Model Extents (mm)":"5.38093","OL File Name":"Part 125_82.ol","Part Depth":"2","Part ID":"@@PV-AUTO-ID@@035","Part ID Path":"/@@PV-AUTO-ID@@035","Part Name":"Part 125_82","Part Path":"RootAssembly/Part 125_82"}},"/@@PV-AUTO-ID@@036":{"__PV_SystemProperties":{"Child Count":"0","Component Name":"Part 124_83","Display Name":"Part 124_83","Model Extents (mm)":"5.35976","OL File Name":"Part 124_83.ol","Part Depth":"2","Part ID":"@@PV-AUTO-ID@@036","Part ID Path":"/@@PV-AUTO-ID@@036","Part Name":"Part 124_83","Part Path":"RootAssembly/Part 124_83"}},"/@@PV-AUTO-ID@@037":{"__PV_SystemProperties":{"Child Count":"0","Component Name":"Part 123_84","Display Name":"Part 123_84","Model Extents (mm)":"5.33316","OL File Name":"Part 123_84.ol","Part Depth":"2","Part ID":"@@PV-AUTO-ID@@037","Part ID Path":"/@@PV-AUTO-ID@@037","Part Name":"Part 123_84","Part Path":"RootAssembly/Part 123_84"}},"/@@PV-AUTO-ID@@038":{"__PV_SystemProperties":{"Child Count":"0","Component Name":"Part 122_85","Display Name":"Part 122_85","Model Extents (mm)":"5.30116","OL File Name":"Part 122_85.ol","Part Depth":"2","Part ID":"@@PV-AUTO-ID@@038","Part ID Path":"/@@PV-AUTO-ID@@038","Part Name":"Part 122_85","Part Path":"RootAssembly/Part 122_85"}},"/@@PV-AUTO-ID@@039":{"__PV_SystemProperties":{"Child Count":"0","Component Name":"Part 121_86","Display Name":"Part 121_86","Model Extents (mm)":"5.26378","OL File Name":"Part 121_86.ol","Part Depth":"2","Part ID":"@@PV-AUTO-ID@@039","Part ID Path":"/@@PV-AUTO-ID@@039","Part Name":"Part 121_86","Part Path":"RootAssembly/Part 121_86"}},"/@@PV-AUTO-ID@@040":{"__PV_SystemProperties":{"Child Count":"0","Component Name":"Part 120_87","Display Name":"Part 120_87","Model Extents (mm)":"5.22107","OL File Name":"Part 120_87.ol","Part Depth":"2","Part ID":"@@PV-AUTO-ID@@040","Part ID Path":"/@@PV-AUTO-ID@@040","Part Name":"Part 120_87","Part Path":"RootAssembly/Part 120_87"}},"/@@PV-AUTO-ID@@041":{"__PV_SystemProperties":{"Child Count":"0","Component Name":"Part 119_88","Display Name":"Part 119_88","Model Extents (mm)":"5.17308","OL File Name":"Part 119_88.ol","Part Depth":"2","Part ID":"@@PV-AUTO-ID@@041","Part ID Path":"/@@PV-AUTO-ID@@041","Part Name":"Part 119_88","Part Path":"RootAssembly/Part 119_88"}},"/@@PV-AUTO-ID@@042":{"__PV_SystemProperties":{"Child Count":"0","Component Name":"Part 118_89","Display Name":"Part 118_89","Model Extents (mm)":"5.11984","OL File Name":"Part 118_89.ol","Part Depth":"2","Part ID":"@@PV-AUTO-ID@@042","Part ID Path":"/@@PV-AUTO-ID@@042","Part Name":"Part 118_89","Part Path":"RootAssembly/Part 118_89"}},"/@@PV-AUTO-ID@@043":{"__PV_SystemProperties":{"Child Count":"0","Component Name":"Part 117_90","Display Name":"Part 117_90","Model Extents (mm)":"5.06141","OL File Name":"Part 117_90.ol","Part Depth":"2","Part ID":"@@PV-AUTO-ID@@043","Part ID Path":"/@@PV-AUTO-ID@@043","Part Name":"Part 117_90","Part Path":"RootAssembly/Part 117_90"}},"/@@PV-AUTO-ID@@044":{"__PV_SystemProperties":{"Child Count":"0","Component Name":"Part 116_91","Display Name":"Part 116_91","Model Extents (mm)":"4.99785","OL File Name":"Part 116_91.ol","Part Depth":"2","Part ID":"@@PV-AUTO-ID@@044","Part ID Path":"/@@PV-AUTO-ID@@044","Part Name":"Part 116_91","Part Path":"RootAssembly/Part 116_91"}},"/@@PV-AUTO-ID@@045":{"__PV_SystemProperties":{"Child Count":"0","Component Name":"Part 115_92","Display Name":"Part 115_92","Model Extents (mm)":"4.92923","OL File Name":"Part 115_92.ol","Part Depth":"2","Part ID":"@@PV-AUTO-ID@@045","Part ID Path":"/@@PV-AUTO-ID@@045","Part Name":"Part 115_92","Part Path":"RootAssembly/Part 115_92"}},"/@@PV-AUTO-ID@@046":{"__PV_SystemProperties":{"Child Count":"0","Component Name":"Part 114_93","Display Name":"Part 114_93","Model Extents (mm)":"4.85561","OL File Name":"Part 114_93.ol","Part Depth":"2","Part ID":"@@PV-AUTO-ID@@046","Part ID Path":"/@@PV-AUTO-ID@@046","Part Name":"Part 114_93","Part Path":"RootAssembly/Part 114_93"}},"/@@PV-AUTO-ID@@047":{"__PV_SystemProperties":{"Child Count":"0","Component Name":"Part 113_94","Display Name":"Part 113_94","Model Extents (mm)":"4.77708","OL File Name":"Part 113_94.ol","Part Depth":"2","Part ID":"@@PV-AUTO-ID@@047","Part ID Path":"/@@PV-AUTO-ID@@047","Part Name":"Part 113_94","Part Path":"RootAssembly/Part 113_94"}},"/@@PV-AUTO-ID@@048":{"__PV_SystemProperties":{"Child Count":"0","Component Name":"Part 112_95","Display Name":"Part 112_95","Model Extents (mm)":"4.6937","OL File Name":"Part 112_95.ol","Part Depth":"2","Part ID":"@@PV-AUTO-ID@@048","Part ID Path":"/@@PV-AUTO-ID@@048","Part Name":"Part 112_95","Part Path":"RootAssembly/Part 112_95"}},"/@@PV-AUTO-ID@@049":{"__PV_SystemProperties":{"Child Count":"0","Component Name":"Part 111_96","Display Name":"Part 111_96","Model Extents (mm)":"4.60557","OL File Name":"Part 111_96.ol","Part Depth":"2","Part ID":"@@PV-AUTO-ID@@049","Part ID Path":"/@@PV-AUTO-ID@@049","Part Name":"Part 111_96","Part Path":"RootAssembly/Part 111_96"}},"/@@PV-AUTO-ID@@050":{"__PV_SystemProperties":{"Child Count":"0","Component Name":"Part 110_97","Display Name":"Part 110_97","Model Extents (mm)":"4.51277","OL File Name":"Part 110_97.ol","Part Depth":"2","Part ID":"@@PV-AUTO-ID@@050","Part ID Path":"/@@PV-AUTO-ID@@050","Part Name":"Part 110_97","Part Path":"RootAssembly/Part 110_97"}},"/@@PV-AUTO-ID@@051":{"__PV_SystemProperties":{"Child Count":"0","Component Name":"Part 109_98","Display Name":"Part 109_98","Model Extents (mm)":"4.4154","OL File Name":"Part 109_98.ol","Part Depth":"2","Part ID":"@@PV-AUTO-ID@@051","Part ID Path":"/@@PV-AUTO-ID@@051","Part Name":"Part 109_98","Part Path":"RootAssembly/Part 109_98"}},"/@@PV-AUTO-ID@@052":{"__PV_SystemProperties":{"Child Count":"0","Component Name":"Part 108_99","Display Name":"Part 108_99","Model Extents (mm)":"4.31355","OL File Name":"Part 108_99.ol","Part Depth":"2","Part ID":"@@PV-AUTO-ID@@052","Part ID Path":"/@@PV-AUTO-ID@@052","Part Name":"Part 108_99","Part Path":"RootAssembly/Part 108_99"}},"/@@PV-AUTO-ID@@053":{"__PV_SystemProperties":{"Child Count":"0","Component Name":"Part 107_100","Display Name":"Part 107_100","Model Extents (mm)":"4.20734","OL File Name":"Part 107_100.ol","Part Depth":"2","Part ID":"@@PV-AUTO-ID@@053","Part ID Path":"/@@PV-AUTO-ID@@053","Part Name":"Part 107_100","Part Path":"RootAssembly/Part 107_100"}},"/@@PV-AUTO-ID@@054":{"__PV_SystemProperties":{"Child Count":"0","Component Name":"Part 106_101","Display Name":"Part 106_101","Model Extents (mm)":"4.09686","OL File Name":"Part 106_101.ol","Part Depth":"2","Part ID":"@@PV-AUTO-ID@@054","Part ID Path":"/@@PV-AUTO-ID@@054","Part Name":"Part 106_101","Part Path":"RootAssembly/Part 106_101"}},"/@@PV-AUTO-ID@@055":{"__PV_SystemProperties":{"Child Count":"0","Component Name":"Part 105_102","Display Name":"Part 105_102","Model Extents (mm)":"4.02222","OL File Name":"Part 105_102.ol","Part Depth":"2","Part ID":"@@PV-AUTO-ID@@055","Part ID Path":"/@@PV-AUTO-ID@@055","Part Name":"Part 105_102","Part Path":"RootAssembly/Part 105_102"}},"/@@PV-AUTO-ID@@056":{"__PV_SystemProperties":{"Child Count":"0","Component Name":"Part 104_103","Display Name":"Part 104_103","Model Extents (mm)":"4.13543","OL File Name":"Part 104_103.ol","Part Depth":"2","Part ID":"@@PV-AUTO-ID@@056","Part ID Path":"/@@PV-AUTO-ID@@056","Part Name":"Part 104_103","Part Path":"RootAssembly/Part 104_103"}},"/@@PV-AUTO-ID@@057":{"__PV_SystemProperties":{"Child Count":"0","Component Name":"Part 103_104","Display Name":"Part 103_104","Model Extents (mm)":"4.24445","OL File Name":"Part 103_104.ol","Part Depth":"2","Part ID":"@@PV-AUTO-ID@@057","Part ID Path":"/@@PV-AUTO-ID@@057","Part Name":"Part 103_104","Part Path":"RootAssembly/Part 103_104"}},"/@@PV-AUTO-ID@@058":{"__PV_SystemProperties":{"Child Count":"0","Component Name":"Part 102_105","Display Name":"Part 102_105","Model Extents (mm)":"4.34917","OL File Name":"Part 102_105.ol","Part Depth":"2","Part ID":"@@PV-AUTO-ID@@058","Part ID Path":"/@@PV-AUTO-ID@@058","Part Name":"Part 102_105","Part Path":"RootAssembly/Part 102_105"}},"/@@PV-AUTO-ID@@059":{"__PV_SystemProperties":{"Child Count":"0","Component Name":"Part 101_106","Display Name":"Part 101_106","Model Extents (mm)":"4.44948","OL File Name":"Part 101_106.ol","Part Depth":"2","Part ID":"@@PV-AUTO-ID@@059","Part ID Path":"/@@PV-AUTO-ID@@059","Part Name":"Part 101_106","Part Path":"RootAssembly/Part 101_106"}},"/@@PV-AUTO-ID@@060":{"__PV_SystemProperties":{"Child Count":"0","Component Name":"Part 100_107","Display Name":"Part 100_107","Model Extents (mm)":"4.54529","OL File Name":"Part 100_107.ol","Part Depth":"2","Part ID":"@@PV-AUTO-ID@@060","Part ID Path":"/@@PV-AUTO-ID@@060","Part Name":"Part 100_107","Part Path":"RootAssembly/Part 100_107"}},"/@@PV-AUTO-ID@@061":{"__PV_SystemProperties":{"Child Count":"0","Component Name":"Part 99_108","Display Name":"Part 99_108","Model Extents (mm)":"4.63649","OL File Name":"Part 99_108.ol","Part Depth":"2","Part ID":"@@PV-AUTO-ID@@061","Part ID Path":"/@@PV-AUTO-ID@@061","Part Name":"Part 99_108","Part Path":"RootAssembly/Part 99_108"}},"/@@PV-AUTO-ID@@062":{"__PV_SystemProperties":{"Child Count":"0","Component Name":"Part 98_109","Display Name":"Part 98_109","Model Extents (mm)":"4.72299","OL File Name":"Part 98_109.ol","Part Depth":"2","Part ID":"@@PV-AUTO-ID@@062","Part ID Path":"/@@PV-AUTO-ID@@062","Part Name":"Part 98_109","Part Path":"RootAssembly/Part 98_109"}},"/@@PV-AUTO-ID@@063":{"__PV_SystemProperties":{"Child Count":"0","Component Name":"Part 97_110","Display Name":"Part 97_110","Model Extents (mm)":"4.80471","OL File Name":"Part 97_110.ol","Part Depth":"2","Part ID":"@@PV-AUTO-ID@@063","Part ID Path":"/@@PV-AUTO-ID@@063","Part Name":"Part 97_110","Part Path":"RootAssembly/Part 97_110"}},"/@@PV-AUTO-ID@@064":{"__PV_SystemProperties":{"Child Count":"0","Component Name":"Part 96_111","Display Name":"Part 96_111","Model Extents (mm)":"4.88156","OL File Name":"Part 96_111.ol","Part Depth":"2","Part ID":"@@PV-AUTO-ID@@064","Part ID Path":"/@@PV-AUTO-ID@@064","Part Name":"Part 96_111","Part Path":"RootAssembly/Part 96_111"}},"/@@PV-AUTO-ID@@065":{"__PV_SystemProperties":{"Child Count":"0","Component Name":"Part 95_112","Display Name":"Part 95_112","Model Extents (mm)":"4.95346","OL File Name":"Part 95_112.ol","Part Depth":"2","Part ID":"@@PV-AUTO-ID@@065","Part ID Path":"/@@PV-AUTO-ID@@065","Part Name":"Part 95_112","Part Path":"RootAssembly/Part 95_112"}},"/@@PV-AUTO-ID@@066":{"__PV_SystemProperties":{"Child Count":"0","Component Name":"Part 94_113","Display Name":"Part 94_113","Model Extents (mm)":"5.02034","OL File Name":"Part 94_113.ol","Part Depth":"2","Part ID":"@@PV-AUTO-ID@@066","Part ID Path":"/@@PV-AUTO-ID@@066","Part Name":"Part 94_113","Part Path":"RootAssembly/Part 94_113"}},"/@@PV-AUTO-ID@@067":{"__PV_SystemProperties":{"Child Count":"0","Component Name":"Part 93_114","Display Name":"Part 93_114","Model Extents (mm)":"5.08214","OL File Name":"Part 93_114.ol","Part Depth":"2","Part ID":"@@PV-AUTO-ID@@067","Part ID Path":"/@@PV-AUTO-ID@@067","Part Name":"Part 93_114","Part Path":"RootAssembly/Part 93_114"}},"/@@PV-AUTO-ID@@068":{"__PV_SystemProperties":{"Child Count":"0","Component Name":"Part 92_115","Display Name":"Part 92_115","Model Extents (mm)":"5.13878","OL File Name":"Part 92_115.ol","Part Depth":"2","Part ID":"@@PV-AUTO-ID@@068","Part ID Path":"/@@PV-AUTO-ID@@068","Part Name":"Part 92_115","Part Path":"RootAssembly/Part 92_115"}},"/@@PV-AUTO-ID@@069":{"__PV_SystemProperties":{"Child Count":"0","Component Name":"Part 91_116","Display Name":"Part 91_116","Model Extents (mm)":"5.19022","OL File Name":"Part 91_116.ol","Part Depth":"2","Part ID":"@@PV-AUTO-ID@@069","Part ID Path":"/@@PV-AUTO-ID@@069","Part Name":"Part 91_116","Part Path":"RootAssembly/Part 91_116"}},"/@@PV-AUTO-ID@@070":{"__PV_SystemProperties":{"Child Count":"0","Component Name":"Part 90_117","Display Name":"Part 90_117","Model Extents (mm)":"5.2364","OL File Name":"Part 90_117.ol","Part Depth":"2","Part ID":"@@PV-AUTO-ID@@070","Part ID Path":"/@@PV-AUTO-ID@@070","Part Name":"Part 90_117","Part Path":"RootAssembly/Part 90_117"}},"/@@PV-AUTO-ID@@071":{"__PV_SystemProperties":{"Child Count":"0","Component Name":"Part 89_118","Display Name":"Part 89_118","Model Extents (mm)":"5.27728","OL File Name":"Part 89_118.ol","Part Depth":"2","Part ID":"@@PV-AUTO-ID@@071","Part ID Path":"/@@PV-AUTO-ID@@071","Part Name":"Part 89_118","Part Path":"RootAssembly/Part 89_118"}},"/@@PV-AUTO-ID@@072":{"__PV_SystemProperties":{"Child Count":"0","Component Name":"Part 88_119","Display Name":"Part 88_119","Model Extents (mm)":"5.3128","OL File Name":"Part 88_119.ol","Part Depth":"2","Part ID":"@@PV-AUTO-ID@@072","Part ID Path":"/@@PV-AUTO-ID@@072","Part Name":"Part 88_119","Part Path":"RootAssembly/Part 88_119"}},"/@@PV-AUTO-ID@@073":{"__PV_SystemProperties":{"Child Count":"0","Component Name":"Part 87_120","Display Name":"Part 87_120","Model Extents (mm)":"5.34295","OL File Name":"Part 87_120.ol","Part Depth":"2","Part ID":"@@PV-AUTO-ID@@073","Part ID Path":"/@@PV-AUTO-ID@@073","Part Name":"Part 87_120","Part Path":"RootAssembly/Part 87_120"}},"/@@PV-AUTO-ID@@074":{"__PV_SystemProperties":{"Child Count":"0","Component Name":"Part 86_121","Display Name":"Part 86_121","Model Extents (mm)":"5.36768","OL File Name":"Part 86_121.ol","Part Depth":"2","Part ID":"@@PV-AUTO-ID@@074","Part ID Path":"/@@PV-AUTO-ID@@074","Part Name":"Part 86_121","Part Path":"RootAssembly/Part 86_121"}},"/@@PV-AUTO-ID@@075":{"__PV_SystemProperties":{"Child Count":"0","Component Name":"Part 85_122","Display Name":"Part 85_122","Model Extents (mm)":"5.38697","OL File Name":"Part 85_122.ol","Part Depth":"2","Part ID":"@@PV-AUTO-ID@@075","Part ID Path":"/@@PV-AUTO-ID@@075","Part Name":"Part 85_122","Part Path":"RootAssembly/Part 85_122"}},"/@@PV-AUTO-ID@@076":{"__PV_SystemProperties":{"Child Count":"0","Component Name":"Part 84_123","Display Name":"Part 84_123","Model Extents (mm)":"5.4008","OL File Name":"Part 84_123.ol","Part Depth":"2","Part ID":"@@PV-AUTO-ID@@076","Part ID Path":"/@@PV-AUTO-ID@@076","Part Name":"Part 84_123","Part Path":"RootAssembly/Part 84_123"}},"/@@PV-AUTO-ID@@077":{"__PV_SystemProperties":{"Child Count":"0","Component Name":"Part 83_124","Display Name":"Part 83_124","Model Extents (mm)":"5.40916","OL File Name":"Part 83_124.ol","Part Depth":"2","Part ID":"@@PV-AUTO-ID@@077","Part ID Path":"/@@PV-AUTO-ID@@077","Part Name":"Part 83_124","Part Path":"RootAssembly/Part 83_124"}},"/@@PV-AUTO-ID@@078":{"__PV_SystemProperties":{"Child Count":"0","Component Name":"Part 82_125","Display Name":"Part 82_125","Model Extents (mm)":"5.41204","OL File Name":"Part 82_125.ol","Part Depth":"2","Part ID":"@@PV-AUTO-ID@@078","Part ID Path":"/@@PV-AUTO-ID@@078","Part Name":"Part 82_125","Part Path":"RootAssembly/Part 82_125"}},"/@@PV-AUTO-ID@@079":{"__PV_SystemProperties":{"Child Count":"0","Component Name":"Part 81_126","Display Name":"Part 81_126","Model Extents (mm)":"5.40944","OL File Name":"Part 81_126.ol","Part Depth":"2","Part ID":"@@PV-AUTO-ID@@079","Part ID Path":"/@@PV-AUTO-ID@@079","Part Name":"Part 81_126","Part Path":"RootAssembly/Part 81_126"}},"/@@PV-AUTO-ID@@080":{"__PV_SystemProperties":{"Child Count":"0","Component Name":"Part 80_127","Display Name":"Part 80_127","Model Extents (mm)":"5.40944","OL File Name":"Part 80_127.ol","Part Depth":"2","Part ID":"@@PV-AUTO-ID@@080","Part ID Path":"/@@PV-AUTO-ID@@080","Part Name":"Part 80_127","Part Path":"RootAssembly/Part 80_127"}},"/@@PV-AUTO-ID@@081":{"__PV_SystemProperties":{"Child Count":"0","Component Name":"Part 79_128","Display Name":"Part 79_128","Model Extents (mm)":"5.41204","OL File Name":"Part 79_128.ol","Part Depth":"2","Part ID":"@@PV-AUTO-ID@@081","Part ID Path":"/@@PV-AUTO-ID@@081","Part Name":"Part 79_128","Part Path":"RootAssembly/Part 79_128"}},"/@@PV-AUTO-ID@@082":{"__PV_SystemProperties":{"Child Count":"0","Component Name":"Part 78_129","Display Name":"Part 78_129","Model Extents (mm)":"5.40916","OL File Name":"Part 78_129.ol","Part Depth":"2","Part ID":"@@PV-AUTO-ID@@082","Part ID Path":"/@@PV-AUTO-ID@@082","Part Name":"Part 78_129","Part Path":"RootAssembly/Part 78_129"}},"/@@PV-AUTO-ID@@083":{"__PV_SystemProperties":{"Child Count":"0","Component Name":"Part 77_130","Display Name":"Part 77_130","Model Extents (mm)":"5.4008","OL File Name":"Part 77_130.ol","Part Depth":"2","Part ID":"@@PV-AUTO-ID@@083","Part ID Path":"/@@PV-AUTO-ID@@083","Part Name":"Part 77_130","Part Path":"RootAssembly/Part 77_130"}},"/@@PV-AUTO-ID@@084":{"__PV_SystemProperties":{"Child Count":"0","Component Name":"Part 76_131","Display Name":"Part 76_131","Model Extents (mm)":"5.38697","OL File Name":"Part 76_131.ol","Part Depth":"2","Part ID":"@@PV-AUTO-ID@@084","Part ID Path":"/@@PV-AUTO-ID@@084","Part Name":"Part 76_131","Part Path":"RootAssembly/Part 76_131"}},"/@@PV-AUTO-ID@@085":{"__PV_SystemProperties":{"Child Count":"0","Component Name":"Part 75_132","Display Name":"Part 75_132","Model Extents (mm)":"5.36768","OL File Name":"Part 75_132.ol","Part Depth":"2","Part ID":"@@PV-AUTO-ID@@085","Part ID Path":"/@@PV-AUTO-ID@@085","Part Name":"Part 75_132","Part Path":"RootAssembly/Part 75_132"}},"/@@PV-AUTO-ID@@086":{"__PV_SystemProperties":{"Child Count":"0","Component Name":"Part 74_133","Display Name":"Part 74_133","Model Extents (mm)":"5.34295","OL File Name":"Part 74_133.ol","Part Depth":"2","Part ID":"@@PV-AUTO-ID@@086","Part ID Path":"/@@PV-AUTO-ID@@086","Part Name":"Part 74_133","Part Path":"RootAssembly/Part 74_133"}},"/@@PV-AUTO-ID@@087":{"__PV_SystemProperties":{"Child Count":"0","Component Name":"Part 73_134","Display Name":"Part 73_134","Model Extents (mm)":"5.3128","OL File Name":"Part 73_134.ol","Part Depth":"2","Part ID":"@@PV-AUTO-ID@@087","Part ID Path":"/@@PV-AUTO-ID@@087","Part Name":"Part 73_134","Part Path":"RootAssembly/Part 73_134"}},"/@@PV-AUTO-ID@@088":{"__PV_SystemProperties":{"Child Count":"0","Component Name":"Part 72_135","Display Name":"Part 72_135","Model Extents (mm)":"5.27728","OL File Name":"Part 72_135.ol","Part Depth":"2","Part ID":"@@PV-AUTO-ID@@088","Part ID Path":"/@@PV-AUTO-ID@@088","Part Name":"Part 72_135","Part Path":"RootAssembly/Part 72_135"}},"/@@PV-AUTO-ID@@089":{"__PV_SystemProperties":{"Child Count":"0","Component Name":"Part 71_136","Display Name":"Part 71_136","Model Extents (mm)":"5.2364","OL File Name":"Part 71_136.ol","Part Depth":"2","Part ID":"@@PV-AUTO-ID@@089","Part ID Path":"/@@PV-AUTO-ID@@089","Part Name":"Part 71_136","Part Path":"RootAssembly/Part 71_136"}},"/@@PV-AUTO-ID@@090":{"__PV_SystemProperties":{"Child Count":"0","Component Name":"Part 70_137","Display Name":"Part 70_137","Model Extents (mm)":"5.19022","OL File Name":"Part 70_137.ol","Part Depth":"2","Part ID":"@@PV-AUTO-ID@@090","Part ID Path":"/@@PV-AUTO-ID@@090","Part Name":"Part 70_137","Part Path":"RootAssembly/Part 70_137"}},"/@@PV-AUTO-ID@@091":{"__PV_SystemProperties":{"Child Count":"0","Component Name":"Part 69_138","Display Name":"Part 69_138","Model Extents (mm)":"5.13878","OL File Name":"Part 69_138.ol","Part Depth":"2","Part ID":"@@PV-AUTO-ID@@091","Part ID Path":"/@@PV-AUTO-ID@@091","Part Name":"Part 69_138","Part Path":"RootAssembly/Part 69_138"}},"/@@PV-AUTO-ID@@092":{"__PV_SystemProperties":{"Child Count":"0","Component Name":"Part 68_139","Display Name":"Part 68_139","Model Extents (mm)":"5.08214","OL File Name":"Part 68_139.ol","Part Depth":"2","Part ID":"@@PV-AUTO-ID@@092","Part ID Path":"/@@PV-AUTO-ID@@092","Part Name":"Part 68_139","Part Path":"RootAssembly/Part 68_139"}},"/@@PV-AUTO-ID@@093":{"__PV_SystemProperties":{"Child Count":"0","Component Name":"Part 67_140","Display Name":"Part 67_140","Model Extents (mm)":"5.02034","OL File Name":"Part 67_140.ol","Part Depth":"2","Part ID":"@@PV-AUTO-ID@@093","Part ID Path":"/@@PV-AUTO-ID@@093","Part Name":"Part 67_140","Part Path":"RootAssembly/Part 67_140"}},"/@@PV-AUTO-ID@@094":{"__PV_SystemProperties":{"Child Count":"0","Component Name":"Part 66_141","Display Name":"Part 66_141","Model Extents (mm)":"4.95346","OL File Name":"Part 66_141.ol","Part Depth":"2","Part ID":"@@PV-AUTO-ID@@094","Part ID Path":"/@@PV-AUTO-ID@@094","Part Name":"Part 66_141","Part Path":"RootAssembly/Part 66_141"}},"/@@PV-AUTO-ID@@095":{"__PV_SystemProperties":{"Child Count":"0","Component Name":"Part 65_142","Display Name":"Part 65_142","Model Extents (mm)":"4.88156","OL File Name":"Part 65_142.ol","Part Depth":"2","Part ID":"@@PV-AUTO-ID@@095","Part ID Path":"/@@PV-AUTO-ID@@095","Part Name":"Part 65_142","Part Path":"RootAssembly/Part 65_142"}},"/@@PV-AUTO-ID@@096":{"__PV_SystemProperties":{"Child Count":"0","Component Name":"Part 64_143","Display Name":"Part 64_143","Model Extents (mm)":"4.80471","OL File Name":"Part 64_143.ol","Part Depth":"2","Part ID":"@@PV-AUTO-ID@@096","Part ID Path":"/@@PV-AUTO-ID@@096","Part Name":"Part 64_143","Part Path":"RootAssembly/Part 64_143"}},"/@@PV-AUTO-ID@@097":{"__PV_SystemProperties":{"Child Count":"0","Component Name":"Part 63_144","Display Name":"Part 63_144","Model Extents (mm)":"4.72299","OL File Name":"Part 63_144.ol","Part Depth":"2","Part ID":"@@PV-AUTO-ID@@097","Part ID Path":"/@@PV-AUTO-ID@@097","Part Name":"Part 63_144","Part Path":"RootAssembly/Part 63_144"}},"/@@PV-AUTO-ID@@098":{"__PV_SystemProperties":{"Child Count":"0","Component Name":"Part 62_145","Display Name":"Part 62_145","Model Extents (mm)":"4.63649","OL File Name":"Part 62_145.ol","Part Depth":"2","Part ID":"@@PV-AUTO-ID@@098","Part ID Path":"/@@PV-AUTO-ID@@098","Part Name":"Part 62_145","Part Path":"RootAssembly/Part 62_145"}},"/@@PV-AUTO-ID@@099":{"__PV_SystemProperties":{"Child Count":"0","Component Name":"Part 61_146","Display Name":"Part 61_146","Model Extents (mm)":"4.54529","OL File Name":"Part 61_146.ol","Part Depth":"2","Part ID":"@@PV-AUTO-ID@@099","Part ID Path":"/@@PV-AUTO-ID@@099","Part Name":"Part 61_146","Part Path":"RootAssembly/Part 61_146"}},"/@@PV-AUTO-ID@@100":{"__PV_SystemProperties":{"Child Count":"0","Component Name":"Part 60_147","Display Name":"Part 60_147","Model Extents (mm)":"4.44948","OL File Name":"Part 60_147.ol","Part Depth":"2","Part ID":"@@PV-AUTO-ID@@100","Part ID Path":"/@@PV-AUTO-ID@@100","Part Name":"Part 60_147","Part Path":"RootAssembly/Part 60_147"}},"/@@PV-AUTO-ID@@101":{"__PV_SystemProperties":{"Child Count":"0","Component Name":"Part 59_148","Display Name":"Part 59_148","Model Extents (mm)":"5.38305","OL File Name":"Part 59_148.ol","Part Depth":"2","Part ID":"@@PV-AUTO-ID@@101","Part ID Path":"/@@PV-AUTO-ID@@101","Part Name":"Part 59_148","Part Path":"RootAssembly/Part 59_148"}},"/@@PV-AUTO-ID@@102":{"__PV_SystemProperties":{"Child Count":"0","Component Name":"Part 58_149","Display Name":"Part 58_149","Model Extents (mm)":"4.47066","OL File Name":"Part 58_149.ol","Part Depth":"2","Part ID":"@@PV-AUTO-ID@@102","Part ID Path":"/@@PV-AUTO-ID@@102","Part Name":"Part 58_149","Part Path":"RootAssembly/Part 58_149"}},"/@@PV-AUTO-ID@@103":{"__PV_SystemProperties":{"Child Count":"0","Component Name":"Part 57_150","Display Name":"Part 57_150","Model Extents (mm)":"4.09686","OL File Name":"Part 57_150.ol","Part Depth":"2","Part ID":"@@PV-AUTO-ID@@103","Part ID Path":"/@@PV-AUTO-ID@@103","Part Name":"Part 57_150","Part Path":"RootAssembly/Part 57_150"}},"/@@PV-AUTO-ID@@104":{"__PV_SystemProperties":{"Child Count":"0","Component Name":"Part 56_151","Display Name":"Part 56_151","Model Extents (mm)":"4.20734","OL File Name":"Part 56_151.ol","Part Depth":"2","Part ID":"@@PV-AUTO-ID@@104","Part ID Path":"/@@PV-AUTO-ID@@104","Part Name":"Part 56_151","Part Path":"RootAssembly/Part 56_151"}},"/@@PV-AUTO-ID@@105":{"__PV_SystemProperties":{"Child Count":"0","Component Name":"Part 55_152","Display Name":"Part 55_152","Model Extents (mm)":"4.31355","OL File Name":"Part 55_152.ol","Part Depth":"2","Part ID":"@@PV-AUTO-ID@@105","Part ID Path":"/@@PV-AUTO-ID@@105","Part Name":"Part 55_152","Part Path":"RootAssembly/Part 55_152"}},"/@@PV-AUTO-ID@@106":{"__PV_SystemProperties":{"Child Count":"0","Component Name":"Part 54_153","Display Name":"Part 54_153","Model Extents (mm)":"4.4154","OL File Name":"Part 54_153.ol","Part Depth":"2","Part ID":"@@PV-AUTO-ID@@106","Part ID Path":"/@@PV-AUTO-ID@@106","Part Name":"Part 54_153","Part Path":"RootAssembly/Part 54_153"}},"/@@PV-AUTO-ID@@107":{"__PV_SystemProperties":{"Child Count":"0","Component Name":"Part 53_154","Display Name":"Part 53_154","Model Extents (mm)":"4.51277","OL File Name":"Part 53_154.ol","Part Depth":"2","Part ID":"@@PV-AUTO-ID@@107","Part ID Path":"/@@PV-AUTO-ID@@107","Part Name":"Part 53_154","Part Path":"RootAssembly/Part 53_154"}},"/@@PV-AUTO-ID@@108":{"__PV_SystemProperties":{"Child Count":"0","Component Name":"Part 52_155","Display Name":"Part 52_155","Model Extents (mm)":"4.60557","OL File Name":"Part 52_155.ol","Part Depth":"2","Part ID":"@@PV-AUTO-ID@@108","Part ID Path":"/@@PV-AUTO-ID@@108","Part Name":"Part 52_155","Part Path":"RootAssembly/Part 52_155"}},"/@@PV-AUTO-ID@@109":{"__PV_SystemProperties":{"Child Count":"0","Component Name":"Part 51_156","Display Name":"Part 51_156","Model Extents (mm)":"4.6937","OL File Name":"Part 51_156.ol","Part Depth":"2","Part ID":"@@PV-AUTO-ID@@109","Part ID Path":"/@@PV-AUTO-ID@@109","Part Name":"Part 51_156","Part Path":"RootAssembly/Part 51_156"}},"/@@PV-AUTO-ID@@110":{"__PV_SystemProperties":{"Child Count":"0","Component Name":"Part 50_157","Display Name":"Part 50_157","Model Extents (mm)":"4.77708","OL File Name":"Part 50_157.ol","Part Depth":"2","Part ID":"@@PV-AUTO-ID@@110","Part ID Path":"/@@PV-AUTO-ID@@110","Part Name":"Part 50_157","Part Path":"RootAssembly/Part 50_157"}},"/@@PV-AUTO-ID@@111":{"__PV_SystemProperties":{"Child Count":"0","Component Name":"Part 49_158","Display Name":"Part 49_158","Model Extents (mm)":"4.85561","OL File Name":"Part 49_158.ol","Part Depth":"2","Part ID":"@@PV-AUTO-ID@@111","Part ID Path":"/@@PV-AUTO-ID@@111","Part Name":"Part 49_158","Part Path":"RootAssembly/Part 49_158"}},"/@@PV-AUTO-ID@@112":{"__PV_SystemProperties":{"Child Count":"0","Component Name":"Part 48_159","Display Name":"Part 48_159","Model Extents (mm)":"4.92923","OL File Name":"Part 48_159.ol","Part Depth":"2","Part ID":"@@PV-AUTO-ID@@112","Part ID Path":"/@@PV-AUTO-ID@@112","Part Name":"Part 48_159","Part Path":"RootAssembly/Part 48_159"}},"/@@PV-AUTO-ID@@113":{"__PV_SystemProperties":{"Child Count":"0","Component Name":"Part 47_160","Display Name":"Part 47_160","Model Extents (mm)":"4.99785","OL File Name":"Part 47_160.ol","Part Depth":"2","Part ID":"@@PV-AUTO-ID@@113","Part ID Path":"/@@PV-AUTO-ID@@113","Part Name":"Part 47_160","Part Path":"RootAssembly/Part 47_160"}},"/@@PV-AUTO-ID@@114":{"__PV_SystemProperties":{"Child Count":"0","Component Name":"Part 46_161","Display Name":"Part 46_161","Model Extents (mm)":"5.06141","OL File Name":"Part 46_161.ol","Part Depth":"2","Part ID":"@@PV-AUTO-ID@@114","Part ID Path":"/@@PV-AUTO-ID@@114","Part Name":"Part 46_161","Part Path":"RootAssembly/Part 46_161"}},"/@@PV-AUTO-ID@@115":{"__PV_SystemProperties":{"Child Count":"0","Component Name":"Part 45_162","Display Name":"Part 45_162","Model Extents (mm)":"5.11984","OL File Name":"Part 45_162.ol","Part Depth":"2","Part ID":"@@PV-AUTO-ID@@115","Part ID Path":"/@@PV-AUTO-ID@@115","Part Name":"Part 45_162","Part Path":"RootAssembly/Part 45_162"}},"/@@PV-AUTO-ID@@116":{"__PV_SystemProperties":{"Child Count":"0","Component Name":"Part 44_163","Display Name":"Part 44_163","Model Extents (mm)":"5.17308","OL File Name":"Part 44_163.ol","Part Depth":"2","Part ID":"@@PV-AUTO-ID@@116","Part ID Path":"/@@PV-AUTO-ID@@116","Part Name":"Part 44_163","Part Path":"RootAssembly/Part 44_163"}},"/@@PV-AUTO-ID@@117":{"__PV_SystemProperties":{"Child Count":"0","Component Name":"Part 43_164","Display Name":"Part 43_164","Model Extents (mm)":"5.22107","OL File Name":"Part 43_164.ol","Part Depth":"2","Part ID":"@@PV-AUTO-ID@@117","Part ID Path":"/@@PV-AUTO-ID@@117","Part Name":"Part 43_164","Part Path":"RootAssembly/Part 43_164"}},"/@@PV-AUTO-ID@@118":{"__PV_SystemProperties":{"Child Count":"0","Component Name":"Part 42_165","Display Name":"Part 42_165","Model Extents (mm)":"5.26378","OL File Name":"Part 42_165.ol","Part Depth":"2","Part ID":"@@PV-AUTO-ID@@118","Part ID Path":"/@@PV-AUTO-ID@@118","Part Name":"Part 42_165","Part Path":"RootAssembly/Part 42_165"}},"/@@PV-AUTO-ID@@119":{"__PV_SystemProperties":{"Child Count":"0","Component Name":"Part 41_166","Display Name":"Part 41_166","Model Extents (mm)":"5.30116","OL File Name":"Part 41_166.ol","Part Depth":"2","Part ID":"@@PV-AUTO-ID@@119","Part ID Path":"/@@PV-AUTO-ID@@119","Part Name":"Part 41_166","Part Path":"RootAssembly/Part 41_166"}},"/@@PV-AUTO-ID@@120":{"__PV_SystemProperties":{"Child Count":"0","Component Name":"Part 40_167","Display Name":"Part 40_167","Model Extents (mm)":"5.33316","OL File Name":"Part 40_167.ol","Part Depth":"2","Part ID":"@@PV-AUTO-ID@@120","Part ID Path":"/@@PV-AUTO-ID@@120","Part Name":"Part 40_167","Part Path":"RootAssembly/Part 40_167"}},"/@@PV-AUTO-ID@@121":{"__PV_SystemProperties":{"Child Count":"0","Component Name":"Part 39_168","Display Name":"Part 39_168","Model Extents (mm)":"5.35976","OL File Name":"Part 39_168.ol","Part Depth":"2","Part ID":"@@PV-AUTO-ID@@121","Part ID Path":"/@@PV-AUTO-ID@@121","Part Name":"Part 39_168","Part Path":"RootAssembly/Part 39_168"}},"/@@PV-AUTO-ID@@122":{"__PV_SystemProperties":{"Child Count":"0","Component Name":"Part 38_169","Display Name":"Part 38_169","Model Extents (mm)":"5.38093","OL File Name":"Part 38_169.ol","Part Depth":"2","Part ID":"@@PV-AUTO-ID@@122","Part ID Path":"/@@PV-AUTO-ID@@122","Part Name":"Part 38_169","Part Path":"RootAssembly/Part 38_169"}},"/@@PV-AUTO-ID@@123":{"__PV_SystemProperties":{"Child Count":"0","Component Name":"Part 37_170","Display Name":"Part 37_170","Model Extents (mm)":"5.39665","OL File Name":"Part 37_170.ol","Part Depth":"2","Part ID":"@@PV-AUTO-ID@@123","Part ID Path":"/@@PV-AUTO-ID@@123","Part Name":"Part 37_170","Part Path":"RootAssembly/Part 37_170"}},"/@@PV-AUTO-ID@@124":{"__PV_SystemProperties":{"Child Count":"0","Component Name":"Part 36_171","Display Name":"Part 36_171","Model Extents (mm)":"5.4069","OL File Name":"Part 36_171.ol","Part Depth":"2","Part ID":"@@PV-AUTO-ID@@124","Part ID Path":"/@@PV-AUTO-ID@@124","Part Name":"Part 36_171","Part Path":"RootAssembly/Part 36_171"}},"/@@PV-AUTO-ID@@125":{"__PV_SystemProperties":{"Child Count":"0","Component Name":"Part 35_172","Display Name":"Part 35_172","Model Extents (mm)":"5.41167","OL File Name":"Part 35_172.ol","Part Depth":"2","Part ID":"@@PV-AUTO-ID@@125","Part ID Path":"/@@PV-AUTO-ID@@125","Part Name":"Part 35_172","Part Path":"RootAssembly/Part 35_172"}},"/@@PV-AUTO-ID@@126":{"__PV_SystemProperties":{"Child Count":"0","Component Name":"Part 34_173","Display Name":"Part 34_173","Model Extents (mm)":"5.41096","OL File Name":"Part 34_173.ol","Part Depth":"2","Part ID":"@@PV-AUTO-ID@@126","Part ID Path":"/@@PV-AUTO-ID@@126","Part Name":"Part 34_173","Part Path":"RootAssembly/Part 34_173"}},"/@@PV-AUTO-ID@@127":{"__PV_SystemProperties":{"Child Count":"0","Component Name":"Part 33_174","Display Name":"Part 33_174","Model Extents (mm)":"5.40727","OL File Name":"Part 33_174.ol","Part Depth":"2","Part ID":"@@PV-AUTO-ID@@127","Part ID Path":"/@@PV-AUTO-ID@@127","Part Name":"Part 33_174","Part Path":"RootAssembly/Part 33_174"}},"/@@PV-AUTO-ID@@128":{"__PV_SystemProperties":{"Child Count":"0","Component Name":"Part 32_175","Display Name":"Part 32_175","Model Extents (mm)":"5.41176","OL File Name":"Part 32_175.ol","Part Depth":"2","Part ID":"@@PV-AUTO-ID@@128","Part ID Path":"/@@PV-AUTO-ID@@128","Part Name":"Part 32_175","Part Path":"RootAssembly/Part 32_175"}},"/@@PV-AUTO-ID@@129":{"__PV_SystemProperties":{"Child Count":"0","Component Name":"Part 31_176","Display Name":"Part 31_176","Model Extents (mm)":"5.41078","OL File Name":"Part 31_176.ol","Part Depth":"2","Part ID":"@@PV-AUTO-ID@@129","Part ID Path":"/@@PV-AUTO-ID@@129","Part Name":"Part 31_176","Part Path":"RootAssembly/Part 31_176"}},"/@@PV-AUTO-ID@@130":{"__PV_SystemProperties":{"Child Count":"0","Component Name":"Part 30_177","Display Name":"Part 30_177","Model Extents (mm)":"5.4043","OL File Name":"Part 30_177.ol","Part Depth":"2","Part ID":"@@PV-AUTO-ID@@130","Part ID Path":"/@@PV-AUTO-ID@@130","Part Name":"Part 30_177","Part Path":"RootAssembly/Part 30_177"}},"/@@PV-AUTO-ID@@131":{"__PV_SystemProperties":{"Child Count":"0","Component Name":"Part 29_178","Display Name":"Part 29_178","Model Extents (mm)":"5.39236","OL File Name":"Part 29_178.ol","Part Depth":"2","Part ID":"@@PV-AUTO-ID@@131","Part ID Path":"/@@PV-AUTO-ID@@131","Part Name":"Part 29_178","Part Path":"RootAssembly/Part 29_178"}},"/@@PV-AUTO-ID@@132":{"__PV_SystemProperties":{"Child Count":"0","Component Name":"Part 28_179","Display Name":"Part 28_179","Model Extents (mm)":"5.37495","OL File Name":"Part 28_179.ol","Part Depth":"2","Part ID":"@@PV-AUTO-ID@@132","Part ID Path":"/@@PV-AUTO-ID@@132","Part Name":"Part 28_179","Part Path":"RootAssembly/Part 28_179"}},"/@@PV-AUTO-ID@@133":{"__PV_SystemProperties":{"Child Count":"0","Component Name":"Part 27_180","Display Name":"Part 27_180","Model Extents (mm)":"5.35209","OL File Name":"Part 27_180.ol","Part Depth":"2","Part ID":"@@PV-AUTO-ID@@133","Part ID Path":"/@@PV-AUTO-ID@@133","Part Name":"Part 27_180","Part Path":"RootAssembly/Part 27_180"}},"/@@PV-AUTO-ID@@134":{"__PV_SystemProperties":{"Child Count":"0","Component Name":"Part 26_181","Display Name":"Part 26_181","Model Extents (mm)":"5.32381","OL File Name":"Part 26_181.ol","Part Depth":"2","Part ID":"@@PV-AUTO-ID@@134","Part ID Path":"/@@PV-AUTO-ID@@134","Part Name":"Part 26_181","Part Path":"RootAssembly/Part 26_181"}},"/@@PV-AUTO-ID@@135":{"__PV_SystemProperties":{"Child Count":"0","Component Name":"Part 25_182","Display Name":"Part 25_182","Model Extents (mm)":"5.29013","OL File Name":"Part 25_182.ol","Part Depth":"2","Part ID":"@@PV-AUTO-ID@@135","Part ID Path":"/@@PV-AUTO-ID@@135","Part Name":"Part 25_182","Part Path":"RootAssembly/Part 25_182"}},"/@@PV-AUTO-ID@@136":{"__PV_SystemProperties":{"Child Count":"0","Component Name":"Part 24_183","Display Name":"Part 24_183","Model Extents (mm)":"5.2511","OL File Name":"Part 24_183.ol","Part Depth":"2","Part ID":"@@PV-AUTO-ID@@136","Part ID Path":"/@@PV-AUTO-ID@@136","Part Name":"Part 24_183","Part Path":"RootAssembly/Part 24_183"}},"/@@PV-AUTO-ID@@137":{"__PV_SystemProperties":{"Child Count":"0","Component Name":"Part 23_184","Display Name":"Part 23_184","Model Extents (mm)":"5.20674","OL File Name":"Part 23_184.ol","Part Depth":"2","Part ID":"@@PV-AUTO-ID@@137","Part ID Path":"/@@PV-AUTO-ID@@137","Part Name":"Part 23_184","Part Path":"RootAssembly/Part 23_184"}},"/@@PV-AUTO-ID@@138":{"__PV_SystemProperties":{"Child Count":"0","Component Name":"Part 22_185","Display Name":"Part 22_185","Model Extents (mm)":"5.15711","OL File Name":"Part 22_185.ol","Part Depth":"2","Part ID":"@@PV-AUTO-ID@@138","Part ID Path":"/@@PV-AUTO-ID@@138","Part Name":"Part 22_185","Part Path":"RootAssembly/Part 22_185"}},"/@@PV-AUTO-ID@@139":{"__PV_SystemProperties":{"Child Count":"0","Component Name":"Part 21_186","Display Name":"Part 21_186","Model Extents (mm)":"5.10225","OL File Name":"Part 21_186.ol","Part Depth":"2","Part ID":"@@PV-AUTO-ID@@139","Part ID Path":"/@@PV-AUTO-ID@@139","Part Name":"Part 21_186","Part Path":"RootAssembly/Part 21_186"}},"/@@PV-AUTO-ID@@140":{"__PV_SystemProperties":{"Child Count":"0","Component Name":"Part 20_187","Display Name":"Part 20_187","Model Extents (mm)":"5.04223","OL File Name":"Part 20_187.ol","Part Depth":"2","Part ID":"@@PV-AUTO-ID@@140","Part ID Path":"/@@PV-AUTO-ID@@140","Part Name":"Part 20_187","Part Path":"RootAssembly/Part 20_187"}},"/@@PV-AUTO-ID@@141":{"__PV_SystemProperties":{"Child Count":"0","Component Name":"Part 19_188","Display Name":"Part 19_188","Model Extents (mm)":"4.97709","OL File Name":"Part 19_188.ol","Part Depth":"2","Part ID":"@@PV-AUTO-ID@@141","Part ID Path":"/@@PV-AUTO-ID@@141","Part Name":"Part 19_188","Part Path":"RootAssembly/Part 19_188"}},"/@@PV-AUTO-ID@@142":{"__PV_SystemProperties":{"Child Count":"0","Component Name":"Part 18_189","Display Name":"Part 18_189","Model Extents (mm)":"4.90691","OL File Name":"Part 18_189.ol","Part Depth":"2","Part ID":"@@PV-AUTO-ID@@142","Part ID Path":"/@@PV-AUTO-ID@@142","Part Name":"Part 18_189","Part Path":"RootAssembly/Part 18_189"}},"/@@PV-AUTO-ID@@143":{"__PV_SystemProperties":{"Child Count":"0","Component Name":"Part 17_190","Display Name":"Part 17_190","Model Extents (mm)":"4.83176","OL File Name":"Part 17_190.ol","Part Depth":"2","Part ID":"@@PV-AUTO-ID@@143","Part ID Path":"/@@PV-AUTO-ID@@143","Part Name":"Part 17_190","Part Path":"RootAssembly/Part 17_190"}},"/@@PV-AUTO-ID@@144":{"__PV_SystemProperties":{"Child Count":"0","Component Name":"Part 16_191","Display Name":"Part 16_191","Model Extents (mm)":"4.75171","OL File Name":"Part 16_191.ol","Part Depth":"2","Part ID":"@@PV-AUTO-ID@@144","Part ID Path":"/@@PV-AUTO-ID@@144","Part Name":"Part 16_191","Part Path":"RootAssembly/Part 16_191"}},"/@@PV-AUTO-ID@@145":{"__PV_SystemProperties":{"Child Count":"0","Component Name":"Part 15_192","Display Name":"Part 15_192","Model Extents (mm)":"4.66685","OL File Name":"Part 15_192.ol","Part Depth":"2","Part ID":"@@PV-AUTO-ID@@145","Part ID Path":"/@@PV-AUTO-ID@@145","Part Name":"Part 15_192","Part Path":"RootAssembly/Part 15_192"}},"/@@PV-AUTO-ID@@146":{"__PV_SystemProperties":{"Child Count":"0","Component Name":"Part 14_193","Display Name":"Part 14_193","Model Extents (mm)":"4.57726","OL File Name":"Part 14_193.ol","Part Depth":"2","Part ID":"@@PV-AUTO-ID@@146","Part ID Path":"/@@PV-AUTO-ID@@146","Part Name":"Part 14_193","Part Path":"RootAssembly/Part 14_193"}},"/@@PV-AUTO-ID@@147":{"__PV_SystemProperties":{"Child Count":"0","Component Name":"Part 13_194","Display Name":"Part 13_194","Model Extents (mm)":"4.48303","OL File Name":"Part 13_194.ol","Part Depth":"2","Part ID":"@@PV-AUTO-ID@@147","Part ID Path":"/@@PV-AUTO-ID@@147","Part Name":"Part 13_194","Part Path":"RootAssembly/Part 13_194"}},"/@@PV-AUTO-ID@@148":{"__PV_SystemProperties":{"Child Count":"0","Component Name":"Part 12_195","Display Name":"Part 12_195","Model Extents (mm)":"4.38426","OL File Name":"Part 12_195.ol","Part Depth":"2","Part ID":"@@PV-AUTO-ID@@148","Part ID Path":"/@@PV-AUTO-ID@@148","Part Name":"Part 12_195","Part Path":"RootAssembly/Part 12_195"}},"/@@PV-AUTO-ID@@149":{"__PV_SystemProperties":{"Child Count":"0","Component Name":"Part 11_196","Display Name":"Part 11_196","Model Extents (mm)":"4.28105","OL File Name":"Part 11_196.ol","Part Depth":"2","Part ID":"@@PV-AUTO-ID@@149","Part ID Path":"/@@PV-AUTO-ID@@149","Part Name":"Part 11_196","Part Path":"RootAssembly/Part 11_196"}},"/@@PV-AUTO-ID@@150":{"__PV_SystemProperties":{"Child Count":"0","Component Name":"Part 10_197","Display Name":"Part 10_197","Model Extents (mm)":"4.1735","OL File Name":"Part 10_197.ol","Part Depth":"2","Part ID":"@@PV-AUTO-ID@@150","Part ID Path":"/@@PV-AUTO-ID@@150","Part Name":"Part 10_197","Part Path":"RootAssembly/Part 10_197"}},"/@@PV-AUTO-ID@@151":{"__PV_SystemProperties":{"Child Count":"0","Component Name":"Part 9_198","Display Name":"Part 9_198","Model Extents (mm)":"4.06172","OL File Name":"Part 9_198.ol","Part Depth":"2","Part ID":"@@PV-AUTO-ID@@151","Part ID Path":"/@@PV-AUTO-ID@@151","Part Name":"Part 9_198","Part Path":"RootAssembly/Part 9_198"}},"/@@PV-AUTO-ID@@152":{"__PV_SystemProperties":{"Child Count":"0","Component Name":"Part 8_199","Display Name":"Part 8_199","Model Extents (mm)":"4.05779","OL File Name":"Part 8_199.ol","Part Depth":"2","Part ID":"@@PV-AUTO-ID@@152","Part ID Path":"/@@PV-AUTO-ID@@152","Part Name":"Part 8_199","Part Path":"RootAssembly/Part 8_199"}},"/@@PV-AUTO-ID@@153":{"__PV_SystemProperties":{"Child Count":"0","Component Name":"Part 7_200","Display Name":"Part 7_200","Model Extents (mm)":"4.16972","OL File Name":"Part 7_200.ol","Part Depth":"2","Part ID":"@@PV-AUTO-ID@@153","Part ID Path":"/@@PV-AUTO-ID@@153","Part Name":"Part 7_200","Part Path":"RootAssembly/Part 7_200"}},"/@@PV-AUTO-ID@@154":{"__PV_SystemProperties":{"Child Count":"0","Component Name":"Part 6_201","Display Name":"Part 6_201","Model Extents (mm)":"4.27741","OL File Name":"Part 6_201.ol","Part Depth":"2","Part ID":"@@PV-AUTO-ID@@154","Part ID Path":"/@@PV-AUTO-ID@@154","Part Name":"Part 6_201","Part Path":"RootAssembly/Part 6_201"}},"/@@PV-AUTO-ID@@155":{"__PV_SystemProperties":{"Child Count":"0","Component Name":"Part 5_202","Display Name":"Part 5_202","Model Extents (mm)":"4.38078","OL File Name":"Part 5_202.ol","Part Depth":"2","Part ID":"@@PV-AUTO-ID@@155","Part ID Path":"/@@PV-AUTO-ID@@155","Part Name":"Part 5_202","Part Path":"RootAssembly/Part 5_202"}},"/@@PV-AUTO-ID@@156":{"__PV_SystemProperties":{"Child Count":"0","Component Name":"Part 4_203","Display Name":"Part 4_203","Model Extents (mm)":"4.4797","OL File Name":"Part 4_203.ol","Part Depth":"2","Part ID":"@@PV-AUTO-ID@@156","Part ID Path":"/@@PV-AUTO-ID@@156","Part Name":"Part 4_203","Part Path":"RootAssembly/Part 4_203"}},"/@@PV-AUTO-ID@@157":{"__PV_SystemProperties":{"Child Count":"0","Component Name":"Part 3_204","Display Name":"Part 3_204","Model Extents (mm)":"4.57409","OL File Name":"Part 3_204.ol","Part Depth":"2","Part ID":"@@PV-AUTO-ID@@157","Part ID Path":"/@@PV-AUTO-ID@@157","Part Name":"Part 3_204","Part Path":"RootAssembly/Part 3_204"}},"/@@PV-AUTO-ID@@158":{"__PV_SystemProperties":{"Child Count":"0","Component Name":"Part 2_205","Display Name":"Part 2_205","Model Extents (mm)":"75.311","OL File Name":"Part 2_205.ol","Part Depth":"2","Part ID":"@@PV-AUTO-ID@@158","Part ID Path":"/@@PV-AUTO-ID@@158","Part Name":"Part 2_205","Part Path":"RootAssembly/Part 2_205"}},"/@@PV-AUTO-ID@@159":{"__PV_SystemProperties":{"Child Count":"0","Component Name":"Part 1_206","Display Name":"Part 1_206","Model Extents (mm)":"82.9818","OL File Name":"Part 1_206.ol","Part Depth":"2","Part ID":"@@PV-AUTO-ID@@159","Part ID Path":"/@@PV-AUTO-ID@@159","Part Name":"Part 1_206","Part Path":"RootAssembly/Part 1_206"}}}
