{
  "attributes": {
    "twx-widget": "",
    "widget-id": "view-1",
    "widget-name": "view-1",
    "is-widget-container": "true",
    "viewtype": "ar"
  },
  "children": [
    {
      "name": "twx-container-content",
      "children": [
        {
          "attributes": {
            "twx-widget": "",
            "widget-id": "x-fe232f32-731d-4d6b-a2bc-1c53a701af1d",
            "widget-name": "3D Container",
            "is-widget-container": "true"
          },
          "name": "twx-dt-view",
          "children": [
            {
              "name": "twx-container-content",
              "children": [
                {
                  "attributes": {
                    "twx-widget": "",
                    "widget-id": "thingMark-1",
                    "tracking-indicator": "false",
                    "widget-name": "ThingMark",
                    "width": "0.05",
                    "x": "0.00",
                    "y": "0.00",
                    "z": "0.00",
                    "rx": "-90"
                  },
                  "name": "twx-dt-target",
                  "children": [
                    {
                      "attributes": {
                        "databind-id": "db-1475069832103",
                        "source-type": "data",
                        "source-name": "vumark",
                        "source-item-type": "value",
                        "source-item-name": "vumark",
                        "binding-type": "custom_field",
                        "from-expression": "app.params['vumark']",
                        "to-property": "markerId"
                      },
                      "name": "twx-databind"
                    },
                    {
                      "attributes": {
                        "databind-id": "db-1484001466827",
                        "source-type": "data",
                        "source-name": "markerRotation",
                        "source-item-type": "value",
                        "source-item-name": "markerRotation",
                        "binding-type": "custom_field",
                        "from-expression": "app.params['markerRotation']",
                        "to-property": "rx"
                      },
                      "name": "twx-databind"
                    }
                  ]
                },
                {
                  "attributes": {
                    "twx-widget": "",
                    "widget-id": "model-1",
                    "widget-name": "SigmaTile",
                    "is-widget-container": "true",
                    "src": "Uploaded/Vuforia_Assembly.pvz",
                    "scale": "1.0000",
                    "x": "-0.0639",
                    "y": "-0.0383",
                    "z": "-0.1134",
                    "rx": "-90.00",
                    "ry": "0.00",
                    "rz": "0.00",
                    "opacity": "1"
                  },
                  "name": "twx-dt-model",
                  "children": [
                    {
                      "attributes": {
                        "databind-id": "db-1477692012735",
                        "source-type": "data",
                        "source-name": "tiltZ",
                        "source-item-type": "value",
                        "source-item-name": "tiltZ",
                        "from-expression": "app.params['tiltZ']",
                        "to-property": "rz"
                      },
                      "name": "twx-databind"
                    },
                    {
                      "attributes": {
                        "databind-id": "db-1477692017934",
                        "source-type": "data",
                        "source-name": "xpos",
                        "source-item-type": "value",
                        "source-item-name": "xpos",
                        "from-expression": "app.params['xpos']",
                        "to-property": "x"
                      },
                      "name": "twx-databind"
                    },
                    {
                      "attributes": {
                        "databind-id": "db-1477692022295",
                        "source-type": "data",
                        "source-name": "ypos",
                        "source-item-type": "value",
                        "source-item-name": "ypos",
                        "from-expression": "app.params['ypos']",
                        "to-property": "y"
                      },
                      "name": "twx-databind"
                    },
                    {
                      "attributes": {
                        "databind-id": "db-1477692027752",
                        "source-type": "data",
                        "source-name": "zpos",
                        "source-item-type": "value",
                        "source-item-name": "zpos",
                        "from-expression": "app.params['zpos']",
                        "to-property": "z"
                      },
                      "name": "twx-databind"
                    },
                    {
                      "name": "twx-container-content"
                    }
                  ]
                }
              ]
            }
          ]
        },
        {
          "attributes": {
            "twx-widget": "",
            "widget-id": "2DOverlay-1",
            "widget-name": "2D Overlay",
            "is-widget-container": "true"
          },
          "name": "twx-overlay",
          "children": [
            {
              "name": "twx-container-content",
              "children": [
                {
                  "attributes": {
                    "twx-widget": "",
                    "widget-id": "panel-1",
                    "widget-name": "Top Panel",
                    "is-widget-container": "true",
                    "position": "top"
                  },
                  "name": "twx-overlay-container",
                  "children": [
                    {
                      "name": "twx-container-content",
                      "children": [
                        {
                          "attributes": {
                            "twx-widget": "",
                            "widget-id": "resourceImage-1",
                            "widget-name": "HeaderLogo",
                            "class": "watermark scaled-logo rounded-corners",
                            "imgsrc": "Uploaded/studio-logo.png",
                            "height": "36px"
                          },
                          "name": "twx-image2"
                        }
                      ]
                    }
                  ]
                },
                {
                  "attributes": {
                    "twx-widget": "",
                    "widget-id": "2DOverlayBody-1",
                    "widget-name": "2D Body",
                    "is-widget-container": "true"
                  },
                  "name": "twx-overlay-body",
                  "children": [
                    {
                      "name": "twx-container-content",
                      "children": [
                        {
                          "attributes": {
                            "twx-widget": "",
                            "widget-id": "panel-2",
                            "widget-name": "Left Panel",
                            "is-widget-container": "true",
                            "position": "left"
                          },
                          "name": "twx-overlay-container",
                          "children": [
                            {
                              "name": "twx-container-content"
                            }
                          ]
                        },
                        {
                          "attributes": {
                            "twx-widget": "",
                            "widget-id": "panel-3",
                            "widget-name": "Center Panel",
                            "is-widget-container": "true",
                            "position": "center"
                          },
                          "name": "twx-overlay-container",
                          "children": [
                            {
                              "name": "twx-container-content"
                            }
                          ]
                        },
                        {
                          "attributes": {
                            "twx-widget": "",
                            "widget-id": "panel-4",
                            "widget-name": "Right Panel",
                            "is-widget-container": "true",
                            "position": "right",
                            "class": "fixedRight"
                          },
                          "name": "twx-overlay-container",
                          "children": [
                            {
                              "name": "twx-container-content",
                              "children": [
                                {
                                  "attributes": {
                                    "twx-widget": "",
                                    "widget-id": "gridLayout-1",
                                    "widget-name": "gridLayout-1",
                                    "is-widget-container": "true"
                                  },
                                  "name": "twx-gridlayout",
                                  "children": [
                                    {
                                      "name": "twx-container-content",
                                      "children": [
                                        {
                                          "attributes": {
                                            "twx-widget": "",
                                            "widget-id": "row-1",
                                            "widget-name": "row-1",
                                            "is-widget-container": "true",
                                            "rowheight": "63px"
                                          },
                                          "name": "twx-row",
                                          "children": [
                                            {
                                              "name": "twx-container-content",
                                              "children": [
                                                {
                                                  "attributes": {
                                                    "twx-widget": "",
                                                    "widget-id": "column-1",
                                                    "widget-name": "column-1",
                                                    "is-widget-container": "true",
                                                    "justification": "center",
                                                    "alignment": "center",
                                                    "fixedcolsize": "48px"
                                                  },
                                                  "name": "twx-col",
                                                  "children": [
                                                    {
                                                      "name": "twx-container-content",
                                                      "children": [
                                                        {
                                                          "attributes": {
                                                            "twx-widget": "",
                                                            "widget-id": "powerButton",
                                                            "background-color": "transparent",
                                                            "background-color-pressed": "transparent",
                                                            "widget-name": "Power Button",
                                                            "pressed-expression": "startCopter()",
                                                            "unpressed-expression": "stopCopter()",
                                                            "src": "Uploaded/power_on.png",
                                                            "srcnotpressed": "Uploaded/power_off.png"
                                                          },
                                                          "name": "twx-toggle-button",
                                                          "children": [
                                                            {
                                                              "attributes": {
                                                                "databind-id": "db-1478892359274",
                                                                "source-type": "ui",
                                                                "source-label": "Toggle Button",
                                                                "source-name": "batteryButton",
                                                                "source-item-type": "property",
                                                                "source-item-name": "notpressed",
                                                                "from-expression": "view.wdg['batteryButton']['notpressed']",
                                                                "to-property": "visible"
                                                              },
                                                              "name": "twx-databind"
                                                            }
                                                          ]
                                                        }
                                                      ]
                                                    }
                                                  ]
                                                }
                                              ]
                                            }
                                          ]
                                        },
                                        {
                                          "attributes": {
                                            "twx-widget": "",
                                            "widget-id": "row-3",
                                            "widget-name": "row-3",
                                            "is-widget-container": "true"
                                          },
                                          "name": "twx-row",
                                          "children": [
                                            {
                                              "name": "twx-container-content",
                                              "children": [
                                                {
                                                  "attributes": {
                                                    "twx-widget": "",
                                                    "widget-id": "column-2",
                                                    "widget-name": "column-2",
                                                    "is-widget-container": "true",
                                                    "justification": "center",
                                                    "alignment": "center",
                                                    "fixedcolsize": "48px"
                                                  },
                                                  "name": "twx-col",
                                                  "children": [
                                                    {
                                                      "name": "twx-container-content",
                                                      "children": [
                                                        {
                                                          "attributes": {
                                                            "twx-widget": "",
                                                            "widget-id": "batteryButton",
                                                            "background-color": "transparent",
                                                            "background-color-pressed": "transparent",
                                                            "widget-name": "Battery Toggle",
                                                            "src": "Uploaded/battery_on.png",
                                                            "srcnotpressed": "Uploaded/battery_off.png"
                                                          },
                                                          "name": "twx-toggle-button",
                                                          "children": [
                                                            {
                                                              "attributes": {
                                                                "databind-id": "db-1477689736577",
                                                                "source-type": "ui",
                                                                "source-label": "Toggle Button",
                                                                "source-name": "powerButton",
                                                                "source-item-type": "property",
                                                                "source-item-name": "notpressed",
                                                                "from-expression": "view.wdg['powerButton']['notpressed']",
                                                                "to-property": "visible"
                                                              },
                                                              "name": "twx-databind"
                                                            },
                                                            {
                                                              "attributes": {
                                                                "eventbind-id": "eb-1478892424063",
                                                                "handler-type": "ui",
                                                                "handler-name": "model-1",
                                                                "handler-service": "reset",
                                                                "source-event": "unpressed",
                                                                "handler-path": "app.view[\"3D_Sigma_Tile\"].wdg[\"model-1\"].svc.reset"
                                                              },
                                                              "name": "twx-eventbind"
                                                            },
                                                            {
                                                              "attributes": {
                                                                "databind-id": "db-1483546623445",
                                                                "source-type": "ui",
                                                                "source-label": "Model",
                                                                "source-name": "model-1",
                                                                "source-item-type": "property",
                                                                "source-item-name": "playing",
                                                                "binding-type": "widget_property",
                                                                "from-expression": "view.wdg['model-1']['playing']",
                                                                "to-property": "disabled"
                                                              },
                                                              "name": "twx-databind"
                                                            }
                                                          ]
                                                        },
                                                        {
                                                          "attributes": {
                                                            "twx-widget": "",
                                                            "widget-id": "playButton",
                                                            "widget-name": "Play Button",
                                                            "text": "",
                                                            "class": "play"
                                                          },
                                                          "name": "twx-button",
                                                          "children": [
                                                            {
                                                              "attributes": {
                                                                "databind-id": "db-1477689806118",
                                                                "source-type": "ui",
                                                                "source-label": "Toggle Button",
                                                                "source-name": "batteryButton",
                                                                "source-item-type": "property",
                                                                "source-item-name": "pressed",
                                                                "from-expression": "view.wdg['batteryButton']['pressed']",
                                                                "to-property": "visible"
                                                              },
                                                              "name": "twx-databind"
                                                            },
                                                            {
                                                              "attributes": {
                                                                "databind-id": "db-1477689896484",
                                                                "source-type": "ui",
                                                                "source-label": "Model",
                                                                "source-name": "model-1",
                                                                "source-item-type": "property",
                                                                "source-item-name": "playing",
                                                                "from-expression": "view.wdg['model-1']['playing']",
                                                                "to-property": "disabled"
                                                              },
                                                              "name": "twx-databind"
                                                            },
                                                            {
                                                              "attributes": {
                                                                "eventbind-id": "eb-1477689921051",
                                                                "handler-type": "ui",
                                                                "handler-name": "model-1",
                                                                "handler-service": "play",
                                                                "source-event": "click",
                                                                "handler-path": "app.view[\"3D_Sigma_Tile\"].wdg[\"model-1\"].svc.play"
                                                              },
                                                              "name": "twx-eventbind"
                                                            }
                                                          ]
                                                        }
                                                      ]
                                                    }
                                                  ]
                                                }
                                              ]
                                            }
                                          ]
                                        }
                                      ]
                                    }
                                  ]
                                }
                              ]
                            }
                          ]
                        }
                      ]
                    }
                  ]
                },
                {
                  "attributes": {
                    "twx-widget": "",
                    "widget-id": "panel-5",
                    "widget-name": "Bottom Panel",
                    "is-widget-container": "true",
                    "position": "bottom"
                  },
                  "name": "twx-overlay-container",
                  "children": [
                    {
                      "name": "twx-container-content",
                      "children": [
                        {
                          "attributes": {
                            "twx-widget": "",
                            "widget-id": "gridLayout-2",
                            "widget-name": "gridLayout-2",
                            "is-widget-container": "true",
                            "class": "fullWidth"
                          },
                          "name": "twx-gridlayout",
                          "children": [
                            {
                              "name": "twx-container-content",
                              "children": [
                                {
                                  "attributes": {
                                    "twx-widget": "",
                                    "widget-id": "row-2",
                                    "widget-name": "row-2",
                                    "is-widget-container": "true",
                                    "rowclass": "controlsRow",
                                    "rowheight": "154px"
                                  },
                                  "name": "twx-row",
                                  "children": [
                                    {
                                      "name": "twx-container-content",
                                      "children": [
                                        {
                                          "attributes": {
                                            "twx-widget": "",
                                            "widget-id": "column-3",
                                            "widget-name": "column-3",
                                            "is-widget-container": "true",
                                            "alignment": "flex-start",
                                            "fixedcolsize": "154px",
                                            "wrap": "no-wrap"
                                          },
                                          "name": "twx-col",
                                          "children": [
                                            {
                                              "name": "twx-container-content",
                                              "children": [
                                                {
                                                  "attributes": {
                                                    "twx-widget": "",
                                                    "widget-id": "gridLayout-4",
                                                    "widget-name": "gridLayout-4",
                                                    "is-widget-container": "true"
                                                  },
                                                  "name": "twx-gridlayout",
                                                  "children": [
                                                    {
                                                      "name": "twx-container-content",
                                                      "children": [
                                                        {
                                                          "attributes": {
                                                            "twx-widget": "",
                                                            "widget-id": "row-13",
                                                            "widget-name": "row-13",
                                                            "is-widget-container": "true"
                                                          },
                                                          "name": "twx-row",
                                                          "children": [
                                                            {
                                                              "name": "twx-container-content",
                                                              "children": [
                                                                {
                                                                  "attributes": {
                                                                    "twx-widget": "",
                                                                    "widget-id": "column-26",
                                                                    "widget-name": "column-26",
                                                                    "is-widget-container": "true",
                                                                    "justification": "flex-end",
                                                                    "alignment": "center"
                                                                  },
                                                                  "name": "twx-col",
                                                                  "children": [
                                                                    {
                                                                      "name": "twx-container-content",
                                                                      "children": [
                                                                        {
                                                                          "attributes": {
                                                                            "twx-widget": "",
                                                                            "widget-id": "frontButton",
                                                                            "background-color": "transparent",
                                                                            "background-color-pressed": "transparent",
                                                                            "widget-name": "Forward Button",
                                                                            "pressed-expression": "view.wdg['backButton']['pressed']=false;\ngoForward();",
                                                                            "unpressed-expression": "stopZ();",
                                                                            "class": "directionButton",
                                                                            "src": "Uploaded/controls_up_on.png",
                                                                            "srcnotpressed": "Uploaded/controls_up_off.png"
                                                                          },
                                                                          "name": "twx-toggle-button",
                                                                          "children": [
                                                                            {
                                                                              "attributes": {
                                                                                "databind-id": "db-1477689038433",
                                                                                "source-type": "ui",
                                                                                "source-label": "Toggle Button",
                                                                                "source-name": "powerButton",
                                                                                "source-item-type": "property",
                                                                                "source-item-name": "pressed",
                                                                                "from-expression": "view.wdg['powerButton']['pressed']",
                                                                                "to-property": "visible"
                                                                              },
                                                                              "name": "twx-databind"
                                                                            }
                                                                          ]
                                                                        }
                                                                      ]
                                                                    }
                                                                  ]
                                                                }
                                                              ]
                                                            }
                                                          ]
                                                        },
                                                        {
                                                          "attributes": {
                                                            "twx-widget": "",
                                                            "widget-id": "row-14",
                                                            "widget-name": "row-14",
                                                            "is-widget-container": "true"
                                                          },
                                                          "name": "twx-row",
                                                          "children": [
                                                            {
                                                              "name": "twx-container-content",
                                                              "children": [
                                                                {
                                                                  "attributes": {
                                                                    "twx-widget": "",
                                                                    "widget-id": "column-27",
                                                                    "widget-name": "column-27",
                                                                    "is-widget-container": "true",
                                                                    "justification": "center",
                                                                    "alignment": "flex-end"
                                                                  },
                                                                  "name": "twx-col",
                                                                  "children": [
                                                                    {
                                                                      "name": "twx-container-content",
                                                                      "children": [
                                                                        {
                                                                          "attributes": {
                                                                            "twx-widget": "",
                                                                            "widget-id": "leftButton",
                                                                            "background-color": "transparent",
                                                                            "background-color-pressed": "transparent",
                                                                            "widget-name": "Left Button",
                                                                            "pressed-expression": "view.wdg['rightButton']['pressed']=false;\ngoLeft();",
                                                                            "unpressed-expression": "stopX();",
                                                                            "class": "directionButton",
                                                                            "src": "Uploaded/controls_left_on.png",
                                                                            "srcnotpressed": "Uploaded/controls_left_off.png"
                                                                          },
                                                                          "name": "twx-toggle-button",
                                                                          "children": [
                                                                            {
                                                                              "attributes": {
                                                                                "databind-id": "db-1477689002171",
                                                                                "source-type": "ui",
                                                                                "source-label": "Toggle Button",
                                                                                "source-name": "powerButton",
                                                                                "source-item-type": "property",
                                                                                "source-item-name": "pressed",
                                                                                "from-expression": "view.wdg['powerButton']['pressed']",
                                                                                "to-property": "visible"
                                                                              },
                                                                              "name": "twx-databind"
                                                                            }
                                                                          ]
                                                                        }
                                                                      ]
                                                                    }
                                                                  ]
                                                                },
                                                                {
                                                                  "attributes": {
                                                                    "twx-widget": "",
                                                                    "widget-id": "column-29",
                                                                    "widget-name": "column-29",
                                                                    "is-widget-container": "true",
                                                                    "justification": "center",
                                                                    "alignment": "center",
                                                                    "fixedcolsize": "48px"
                                                                  },
                                                                  "name": "twx-col",
                                                                  "children": [
                                                                    {
                                                                      "name": "twx-container-content",
                                                                      "children": [
                                                                        {
                                                                          "attributes": {
                                                                            "twx-widget": "",
                                                                            "widget-id": "resourceImage-2",
                                                                            "widget-name": "Center Control",
                                                                            "class": "directionButton",
                                                                            "imgsrc": "Uploaded/controls_middle.png",
                                                                            "width": "48px",
                                                                            "height": "48px"
                                                                          },
                                                                          "name": "twx-image2",
                                                                          "children": [
                                                                            {
                                                                              "attributes": {
                                                                                "databind-id": "db-1478893724410",
                                                                                "source-type": "ui",
                                                                                "source-label": "Toggle Button",
                                                                                "source-name": "powerButton",
                                                                                "source-item-type": "property",
                                                                                "source-item-name": "pressed",
                                                                                "from-expression": "view.wdg['powerButton']['pressed']",
                                                                                "to-property": "visible"
                                                                              },
                                                                              "name": "twx-databind"
                                                                            }
                                                                          ]
                                                                        }
                                                                      ]
                                                                    }
                                                                  ]
                                                                },
                                                                {
                                                                  "attributes": {
                                                                    "twx-widget": "",
                                                                    "widget-id": "column-30",
                                                                    "widget-name": "column-30",
                                                                    "is-widget-container": "true",
                                                                    "justification": "center",
                                                                    "alignment": "flex-start"
                                                                  },
                                                                  "name": "twx-col",
                                                                  "children": [
                                                                    {
                                                                      "name": "twx-container-content",
                                                                      "children": [
                                                                        {
                                                                          "attributes": {
                                                                            "twx-widget": "",
                                                                            "widget-id": "rightButton",
                                                                            "background-color": "transparent",
                                                                            "background-color-pressed": "transparent",
                                                                            "widget-name": "Right Button",
                                                                            "pressed-expression": "view.wdg['leftButton']['pressed']=false;\ngoRight();",
                                                                            "unpressed-expression": "stopX();",
                                                                            "class": "directionButton",
                                                                            "src": "Uploaded/controls_right_on.png",
                                                                            "srcnotpressed": "Uploaded/controls_right_off.png"
                                                                          },
                                                                          "name": "twx-toggle-button",
                                                                          "children": [
                                                                            {
                                                                              "attributes": {
                                                                                "databind-id": "db-1477689006810",
                                                                                "source-type": "ui",
                                                                                "source-label": "Toggle Button",
                                                                                "source-name": "powerButton",
                                                                                "source-item-type": "property",
                                                                                "source-item-name": "pressed",
                                                                                "from-expression": "view.wdg['powerButton']['pressed']",
                                                                                "to-property": "visible"
                                                                              },
                                                                              "name": "twx-databind"
                                                                            }
                                                                          ]
                                                                        }
                                                                      ]
                                                                    }
                                                                  ]
                                                                }
                                                              ]
                                                            }
                                                          ]
                                                        },
                                                        {
                                                          "attributes": {
                                                            "twx-widget": "",
                                                            "widget-id": "row-15",
                                                            "widget-name": "row-15",
                                                            "is-widget-container": "true"
                                                          },
                                                          "name": "twx-row",
                                                          "children": [
                                                            {
                                                              "name": "twx-container-content",
                                                              "children": [
                                                                {
                                                                  "attributes": {
                                                                    "twx-widget": "",
                                                                    "widget-id": "column-28",
                                                                    "widget-name": "column-28",
                                                                    "is-widget-container": "true",
                                                                    "alignment": "center"
                                                                  },
                                                                  "name": "twx-col",
                                                                  "children": [
                                                                    {
                                                                      "name": "twx-container-content",
                                                                      "children": [
                                                                        {
                                                                          "attributes": {
                                                                            "twx-widget": "",
                                                                            "widget-id": "backButton",
                                                                            "background-color": "transparent",
                                                                            "background-color-pressed": "transparent",
                                                                            "widget-name": "Backward Button",
                                                                            "pressed-expression": "view.wdg['frontButton']['pressed']=false;\ngoBackward();",
                                                                            "unpressed-expression": "stopZ();",
                                                                            "class": "directionButton",
                                                                            "src": "Uploaded/controls_down_on.png",
                                                                            "srcnotpressed": "Uploaded/controls_down_off.png"
                                                                          },
                                                                          "name": "twx-toggle-button",
                                                                          "children": [
                                                                            {
                                                                              "attributes": {
                                                                                "databind-id": "db-1477689043793",
                                                                                "source-type": "ui",
                                                                                "source-label": "Toggle Button",
                                                                                "source-name": "powerButton",
                                                                                "source-item-type": "property",
                                                                                "source-item-name": "pressed",
                                                                                "from-expression": "view.wdg['powerButton']['pressed']",
                                                                                "to-property": "visible"
                                                                              },
                                                                              "name": "twx-databind"
                                                                            }
                                                                          ]
                                                                        }
                                                                      ]
                                                                    }
                                                                  ]
                                                                }
                                                              ]
                                                            }
                                                          ]
                                                        }
                                                      ]
                                                    }
                                                  ]
                                                }
                                              ]
                                            }
                                          ]
                                        },
                                        {
                                          "attributes": {
                                            "twx-widget": "",
                                            "widget-id": "column-4",
                                            "widget-name": "column-4",
                                            "is-widget-container": "true",
                                            "justification": "flex-end",
                                            "alignment": "flex-end"
                                          },
                                          "name": "twx-col",
                                          "children": [
                                            {
                                              "name": "twx-container-content",
                                              "children": [
                                                {
                                                  "attributes": {
                                                    "twx-widget": "",
                                                    "widget-id": "upButton",
                                                    "background-color": "transparent",
                                                    "background-color-pressed": "transparent",
                                                    "widget-name": "Up Button",
                                                    "pressed-expression": "view.wdg['downButton']['pressed']=false;\ngoUp();",
                                                    "unpressed-expression": "stopY();",
                                                    "class": "directionButton",
                                                    "src": "Uploaded/direction_up_on.png",
                                                    "srcnotpressed": "Uploaded/direction_up_off.png"
                                                  },
                                                  "name": "twx-toggle-button",
                                                  "children": [
                                                    {
                                                      "attributes": {
                                                        "databind-id": "db-1477689062553",
                                                        "source-type": "ui",
                                                        "source-label": "Toggle Button",
                                                        "source-name": "powerButton",
                                                        "source-item-type": "property",
                                                        "source-item-name": "pressed",
                                                        "from-expression": "view.wdg['powerButton']['pressed']",
                                                        "to-property": "visible"
                                                      },
                                                      "name": "twx-databind"
                                                    }
                                                  ]
                                                },
                                                {
                                                  "attributes": {
                                                    "twx-widget": "",
                                                    "widget-id": "downButton",
                                                    "background-color": "transparent",
                                                    "background-color-pressed": "transparent",
                                                    "widget-name": "Down Button",
                                                    "pressed-expression": "view.wdg['upButton']['pressed']=false;\ngoDown();",
                                                    "unpressed-expression": "stopY();",
                                                    "class": "directionButton",
                                                    "src": "Uploaded/direction_down_on.png",
                                                    "srcnotpressed": "Uploaded/direction_down_off.png"
                                                  },
                                                  "name": "twx-toggle-button",
                                                  "children": [
                                                    {
                                                      "attributes": {
                                                        "databind-id": "db-1477689066833",
                                                        "source-type": "ui",
                                                        "source-label": "Toggle Button",
                                                        "source-name": "powerButton",
                                                        "source-item-type": "property",
                                                        "source-item-name": "pressed",
                                                        "from-expression": "view.wdg['powerButton']['pressed']",
                                                        "to-property": "visible"
                                                      },
                                                      "name": "twx-databind"
                                                    }
                                                  ]
                                                }
                                              ]
                                            }
                                          ]
                                        }
                                      ]
                                    }
                                  ]
                                }
                              ]
                            }
                          ]
                        }
                      ]
                    }
                  ]
                }
              ]
            }
          ]
        }
      ]
    },
    {
      "name": "twx-fragment-parameters"
    },
    {
      "name": "twx-view-data"
    }
  ],
  "name": "twx-view"
}
