{
  "attributes": {
    "twx-widget": "",
    "widget-id": "view-1",
    "widget-name": "view-1",
    "is-widget-container": "true",
    "viewtype": "mobile-2D"
  },
  "children": [
    {
      "name": "twx-container-content",
      "children": [
        {
          "attributes": {
            "twx-widget": "",
            "widget-id": "gridLayout-1",
            "widget-name": "gridLayout-1",
            "is-widget-container": "true"
          },
          "name": "twx-gridlayout",
          "children": [
            {
              "name": "twx-container-content",
              "children": [
                {
                  "attributes": {
                    "twx-widget": "",
                    "widget-id": "row-5",
                    "widget-name": "row-5",
                    "is-widget-container": "true",
                    "rowclass": "choiceHeader",
                    "rowheight": "20"
                  },
                  "name": "twx-row",
                  "children": [
                    {
                      "name": "twx-container-content",
                      "children": [
                        {
                          "attributes": {
                            "twx-widget": "",
                            "widget-id": "resourceImage-2",
                            "widget-name": "resourceImage-1",
                            "class": "logo",
                            "imgsrc": "Uploaded/logo.svg"
                          },
                          "name": "twx-image2"
                        }
                      ]
                    }
                  ]
                },
                {
                  "attributes": {
                    "twx-widget": "",
                    "widget-id": "row-8",
                    "widget-name": "row-8",
                    "is-widget-container": "true"
                  },
                  "name": "twx-row",
                  "children": [
                    {
                      "name": "twx-container-content",
                      "children": [
                        {
                          "attributes": {
                            "twx-widget": "",
                            "widget-id": "column-4",
                            "widget-name": "column-4",
                            "is-widget-container": "true"
                          },
                          "name": "twx-col",
                          "children": [
                            {
                              "name": "twx-container-content",
                              "children": [
                                {
                                  "attributes": {
                                    "twx-widget": "",
                                    "widget-id": "label-1",
                                    "state-format-value": "text",
                                    "widget-name": "label-1",
                                    "text": "The CXC's Digital Thread",
                                    "class": "choicelabel"
                                  },
                                  "name": "twx-label"
                                }
                              ]
                            }
                          ]
                        }
                      ]
                    }
                  ]
                },
                {
                  "attributes": {
                    "twx-widget": "",
                    "widget-id": "row-2",
                    "widget-name": "row-2",
                    "is-widget-container": "true"
                  },
                  "name": "twx-row",
                  "children": [
                    {
                      "name": "twx-container-content",
                      "children": [
                        {
                          "attributes": {
                            "twx-widget": "",
                            "widget-id": "column-3",
                            "widget-name": "column-3",
                            "is-widget-container": "true",
                            "class": "choicelabel",
                            "alignment": "center",
                            "padding": ""
                          },
                          "name": "twx-col",
                          "children": [
                            {
                              "name": "twx-container-content",
                              "children": [
                                {
                                  "attributes": {
                                    "twx-widget": "",
                                    "widget-id": "label-2",
                                    "enable-state-formatting": "true",
                                    "state-format-value": "text",
                                    "widget-name": "label-2",
                                    "text": "(Select a desired room)",
                                    "class": "choicelabel"
                                  },
                                  "name": "twx-label"
                                }
                              ]
                            }
                          ]
                        }
                      ]
                    }
                  ]
                },
                {
                  "attributes": {
                    "twx-widget": "",
                    "widget-id": "row-1",
                    "widget-name": "row-1",
                    "is-widget-container": "true"
                  },
                  "name": "twx-row",
                  "children": [
                    {
                      "name": "twx-container-content",
                      "children": [
                        {
                          "attributes": {
                            "twx-widget": "",
                            "widget-id": "column-1",
                            "widget-name": "column-1",
                            "is-widget-container": "true",
                            "alignment": "center"
                          },
                          "name": "twx-col",
                          "children": [
                            {
                              "name": "twx-container-content",
                              "children": [
                                {
                                  "attributes": {
                                    "twx-widget": "",
                                    "widget-id": "button-5",
                                    "widget-name": "button-5",
                                    "text": "Conference Room A&B Monitor",
                                    "class": "horiz"
                                  },
                                  "name": "twx-button"
                                }
                              ]
                            }
                          ]
                        },
                        {
                          "attributes": {
                            "twx-widget": "",
                            "widget-id": "column-5",
                            "widget-name": "column-5",
                            "is-widget-container": "true",
                            "alignment": "center"
                          },
                          "name": "twx-col",
                          "children": [
                            {
                              "name": "twx-container-content",
                              "children": [
                                {
                                  "attributes": {
                                    "twx-widget": "",
                                    "widget-id": "button-6",
                                    "widget-name": "button-6",
                                    "text": "Conference Room C Monitor",
                                    "class": "horiz"
                                  },
                                  "name": "twx-button"
                                }
                              ]
                            }
                          ]
                        }
                      ]
                    }
                  ]
                },
                {
                  "attributes": {
                    "twx-widget": "",
                    "widget-id": "row-3",
                    "widget-name": "row-3",
                    "is-widget-container": "true"
                  },
                  "name": "twx-row",
                  "children": [
                    {
                      "name": "twx-container-content",
                      "children": [
                        {
                          "attributes": {
                            "twx-widget": "",
                            "widget-id": "column-2",
                            "widget-name": "column-2",
                            "is-widget-container": "true",
                            "alignment": "center"
                          },
                          "name": "twx-col",
                          "children": [
                            {
                              "name": "twx-container-content",
                              "children": [
                                {
                                  "attributes": {
                                    "twx-widget": "",
                                    "widget-id": "button-7",
                                    "widget-name": "button-7",
                                    "text": "Conference Room D Monitor",
                                    "class": "horiz"
                                  },
                                  "name": "twx-button"
                                }
                              ]
                            }
                          ]
                        },
                        {
                          "attributes": {
                            "twx-widget": "",
                            "widget-id": "column-10",
                            "widget-name": "column-10",
                            "is-widget-container": "true",
                            "alignment": "center"
                          },
                          "name": "twx-col",
                          "children": [
                            {
                              "name": "twx-container-content",
                              "children": [
                                {
                                  "attributes": {
                                    "twx-widget": "",
                                    "widget-id": "button-4",
                                    "widget-name": "button-4",
                                    "text": "Conference Room E Monitor",
                                    "class": "horiz"
                                  },
                                  "name": "twx-button"
                                }
                              ]
                            }
                          ]
                        }
                      ]
                    }
                  ]
                },
                {
                  "attributes": {
                    "twx-widget": "",
                    "widget-id": "row-6",
                    "widget-name": "row-6",
                    "is-widget-container": "true"
                  },
                  "name": "twx-row",
                  "children": [
                    {
                      "name": "twx-container-content",
                      "children": [
                        {
                          "attributes": {
                            "twx-widget": "",
                            "widget-id": "column-11",
                            "widget-name": "column-11",
                            "is-widget-container": "true",
                            "alignment": "center"
                          },
                          "name": "twx-col",
                          "children": [
                            {
                              "name": "twx-container-content",
                              "children": [
                                {
                                  "attributes": {
                                    "twx-widget": "",
                                    "widget-id": "button-8",
                                    "widget-name": "button-8",
                                    "text": "XR Wall Monitor",
                                    "class": "horiz"
                                  },
                                  "name": "twx-button"
                                }
                              ]
                            }
                          ]
                        },
                        {
                          "attributes": {
                            "twx-widget": "",
                            "widget-id": "column-13",
                            "widget-name": "column-13",
                            "is-widget-container": "true",
                            "alignment": "center"
                          },
                          "name": "twx-col",
                          "children": [
                            {
                              "name": "twx-container-content",
                              "children": [
                                {
                                  "attributes": {
                                    "twx-widget": "",
                                    "widget-id": "button-9",
                                    "widget-name": "button-9",
                                    "text": "IDF Server Room Monitor",
                                    "class": "horiz"
                                  },
                                  "name": "twx-button",
                                  "children": [
                                    {
                                      "attributes": {
                                        "eventbind-id": "eb-1660767847991",
                                        "source-type": "widget",
                                        "source-label": "Button",
                                        "source-name": "button-9",
                                        "source-event": "click",
                                        "handler-namespace": "app",
                                        "handler-name": "fn",
                                        "handler-service": "navigate",
                                        "handler-path": "app-fn-navigate"
                                      },
                                      "name": "twx-eventbind",
                                      "children": [
                                        {
                                          "attributes": {
                                            "name": "viewname",
                                            "value": "IDF"
                                          },
                                          "name": "twx-event-data"
                                        }
                                      ]
                                    }
                                  ]
                                }
                              ]
                            }
                          ]
                        }
                      ]
                    }
                  ]
                },
                {
                  "attributes": {
                    "twx-widget": "",
                    "widget-id": "row-7",
                    "widget-name": "row-7",
                    "is-widget-container": "true"
                  },
                  "name": "twx-row",
                  "children": [
                    {
                      "name": "twx-container-content",
                      "children": [
                        {
                          "attributes": {
                            "twx-widget": "",
                            "widget-id": "column-12",
                            "widget-name": "column-12",
                            "is-widget-container": "true",
                            "alignment": "center"
                          },
                          "name": "twx-col",
                          "children": [
                            {
                              "name": "twx-container-content",
                              "children": [
                                {
                                  "attributes": {
                                    "twx-widget": "",
                                    "widget-id": "button-10",
                                    "widget-name": "button-10",
                                    "text": "CXC Team Workspace Monitor",
                                    "class": "horiz"
                                  },
                                  "name": "twx-button"
                                }
                              ]
                            }
                          ]
                        },
                        {
                          "attributes": {
                            "twx-widget": "",
                            "widget-id": "column-14",
                            "widget-name": "column-14",
                            "is-widget-container": "true",
                            "alignment": "center"
                          },
                          "name": "twx-col",
                          "children": [
                            {
                              "name": "twx-container-content"
                            }
                          ]
                        }
                      ]
                    }
                  ]
                },
                {
                  "attributes": {
                    "twx-widget": "",
                    "widget-id": "row-4",
                    "widget-name": "row-4",
                    "is-widget-container": "true"
                  },
                  "name": "twx-row",
                  "children": [
                    {
                      "name": "twx-container-content",
                      "children": [
                        {
                          "attributes": {
                            "twx-widget": "",
                            "widget-id": "column-7",
                            "widget-name": "column-7",
                            "is-widget-container": "true"
                          },
                          "name": "twx-col",
                          "children": [
                            {
                              "name": "twx-container-content",
                              "children": [
                                {
                                  "attributes": {
                                    "twx-widget": "",
                                    "widget-id": "label-3",
                                    "enable-state-formatting": "true",
                                    "state-format-value": "text",
                                    "widget-name": "label-3",
                                    "text": "Created - 08.22",
                                    "class": "choicelabel2"
                                  },
                                  "name": "twx-label"
                                }
                              ]
                            }
                          ]
                        }
                      ]
                    }
                  ]
                }
              ]
            }
          ]
        }
      ]
    },
    {
      "name": "twx-fragment-parameters"
    },
    {
      "name": "twx-view-data"
    }
  ],
  "name": "twx-view"
}
