{
  "attributes": {
    "twx-widget": "",
    "widget-id": "view-1",
    "widget-name": "view-2",
    "is-widget-container": "true",
    "viewtype": "mobile-2D"
  },
  "children": [
    {
      "name": "twx-container-content",
      "children": [
        {
          "attributes": {
            "twx-widget": "",
            "widget-id": "gridLayout-1",
            "widget-name": "gridLayout-1",
            "is-widget-container": "true"
          },
          "name": "twx-gridlayout",
          "children": [
            {
              "name": "twx-container-content",
              "children": [
                {
                  "attributes": {
                    "twx-widget": "",
                    "widget-id": "row-1",
                    "widget-name": "row-1",
                    "is-widget-container": "true",
                    "rowclass": "choiceHeader"
                  },
                  "name": "twx-row",
                  "children": [
                    {
                      "name": "twx-container-content",
                      "children": [
                        {
                          "attributes": {
                            "twx-widget": "",
                            "widget-id": "image-1",
                            "widget-name": "image-1",
                            "class": "logo",
                            "imgsrc": "Uploaded/logo.svg"
                          },
                          "name": "twx-image2"
                        },
                        {
                          "attributes": {
                            "twx-widget": "",
                            "widget-id": "button-1",
                            "widget-name": "button-1",
                            "text": "",
                            "class": "homeHamburger"
                          },
                          "name": "twx-button",
                          "children": [
                            {
                              "attributes": {
                                "eventbind-id": "eb-1660767890750",
                                "source-type": "widget",
                                "source-label": "Button",
                                "source-name": "button-1",
                                "source-event": "click",
                                "handler-namespace": "app",
                                "handler-name": "fn",
                                "handler-service": "navigate",
                                "handler-path": "app-fn-navigate"
                              },
                              "name": "twx-eventbind",
                              "children": [
                                {
                                  "attributes": {
                                    "name": "viewname",
                                    "value": "HomePage"
                                  },
                                  "name": "twx-event-data"
                                }
                              ]
                            }
                          ]
                        }
                      ]
                    }
                  ]
                },
                {
                  "attributes": {
                    "twx-widget": "",
                    "widget-id": "row-15",
                    "widget-name": "row-15",
                    "is-widget-container": "true"
                  },
                  "name": "twx-row",
                  "children": [
                    {
                      "name": "twx-container-content",
                      "children": [
                        {
                          "attributes": {
                            "twx-widget": "",
                            "widget-id": "column-16",
                            "widget-name": "column-16",
                            "is-widget-container": "true",
                            "alignment": "center",
                            "fixedcolsize": "",
                            "padding": "15"
                          },
                          "name": "twx-col",
                          "children": [
                            {
                              "name": "twx-container-content",
                              "children": [
                                {
                                  "attributes": {
                                    "twx-widget": "",
                                    "widget-id": "label-8",
                                    "state-format-value": "text",
                                    "widget-name": "label-8",
                                    "text": "CXC - IDF",
                                    "class": "choicelabel3"
                                  },
                                  "name": "twx-label"
                                }
                              ]
                            }
                          ]
                        }
                      ]
                    }
                  ]
                },
                {
                  "attributes": {
                    "twx-widget": "",
                    "widget-id": "row-3",
                    "widget-name": "row-3",
                    "is-widget-container": "true"
                  },
                  "name": "twx-row",
                  "children": [
                    {
                      "name": "twx-container-content",
                      "children": [
                        {
                          "attributes": {
                            "twx-widget": "",
                            "widget-id": "column-3",
                            "widget-name": "column-3",
                            "is-widget-container": "true",
                            "justification": "center",
                            "fixedcolsize": "",
                            "wrap": "no-wrap"
                          },
                          "name": "twx-col",
                          "children": [
                            {
                              "name": "twx-container-content",
                              "children": [
                                {
                                  "attributes": {
                                    "twx-widget": "",
                                    "widget-id": "gauge-1",
                                    "state-format-value": "value",
                                    "human-friendly-decimal": "-2",
                                    "widget-name": "gauge-1",
                                    "title": "IDF Temperature (° F)",
                                    "titleposition": "above",
                                    "titlefontcolor": "#ffffff",
                                    "valuefontcolor": "#ffffff",
                                    "backgroundcolor": "#ffffff"
                                  },
                                  "name": "twx-gauge",
                                  "children": [
                                    {
                                      "attributes": {
                                        "databind-id": "db-1660766497659",
                                        "source-type": "data",
                                        "source-name": "IDF_Temperature",
                                        "source-item-type": "property",
                                        "source-item-name": "Channel1_Device1_Temperature",
                                        "binding-type": "property_field",
                                        "from-expression": "app.mdl['IDF_Temperature'].properties['Channel1_Device1_Temperature']",
                                        "to-property": "value"
                                      },
                                      "name": "twx-databind"
                                    }
                                  ]
                                }
                              ]
                            }
                          ]
                        }
                      ]
                    }
                  ]
                },
                {
                  "attributes": {
                    "twx-widget": "",
                    "widget-id": "row-6",
                    "widget-name": "row-6",
                    "is-widget-container": "true"
                  },
                  "name": "twx-row",
                  "children": [
                    {
                      "name": "twx-container-content",
                      "children": [
                        {
                          "attributes": {
                            "twx-widget": "",
                            "widget-id": "column-6",
                            "widget-name": "column-6",
                            "is-widget-container": "true"
                          },
                          "name": "twx-col",
                          "children": [
                            {
                              "name": "twx-container-content",
                              "children": [
                                {
                                  "attributes": {
                                    "twx-widget": "",
                                    "widget-id": "gauge-2",
                                    "state-format-value": "value",
                                    "human-friendly-decimal": "-2",
                                    "widget-name": "gauge-2",
                                    "max": "75",
                                    "title": "IDF Humidity (%)",
                                    "titleposition": "above",
                                    "titlefontcolor": "#ffffff",
                                    "valuefontcolor": "#ffffff",
                                    "backgroundcolor": "#ffffff"
                                  },
                                  "name": "twx-gauge",
                                  "children": [
                                    {
                                      "attributes": {
                                        "databind-id": "db-1660766514862",
                                        "source-type": "data",
                                        "source-name": "IDF_Humidity",
                                        "source-item-type": "property",
                                        "source-item-name": "Channel1_Device1_Humidity",
                                        "binding-type": "property_field",
                                        "from-expression": "app.mdl['IDF_Humidity'].properties['Channel1_Device1_Humidity']",
                                        "to-property": "value"
                                      },
                                      "name": "twx-databind"
                                    }
                                  ]
                                }
                              ]
                            }
                          ]
                        }
                      ]
                    }
                  ]
                },
                {
                  "attributes": {
                    "twx-widget": "",
                    "widget-id": "row-9",
                    "widget-name": "row-9",
                    "is-widget-container": "true"
                  },
                  "name": "twx-row",
                  "children": [
                    {
                      "name": "twx-container-content",
                      "children": [
                        {
                          "attributes": {
                            "twx-widget": "",
                            "widget-id": "column-10",
                            "widget-name": "column-10",
                            "is-widget-container": "true"
                          },
                          "name": "twx-col",
                          "children": [
                            {
                              "name": "twx-container-content",
                              "children": [
                                {
                                  "attributes": {
                                    "twx-widget": "",
                                    "widget-id": "gauge-3",
                                    "state-format-value": "value",
                                    "human-friendly-decimal": "-2",
                                    "widget-name": "gauge-3",
                                    "max": "2000",
                                    "title": "IDF Pressure (Pa)",
                                    "titleposition": "above",
                                    "titlefontcolor": "#ffffff",
                                    "valuefontcolor": "#ffffff",
                                    "backgroundcolor": "#ffffff"
                                  },
                                  "name": "twx-gauge",
                                  "children": [
                                    {
                                      "attributes": {
                                        "databind-id": "db-1660766503726",
                                        "source-type": "data",
                                        "source-name": "IDF_Pressure",
                                        "source-item-type": "property",
                                        "source-item-name": "Channel1_Device1_Pressure",
                                        "binding-type": "property_field",
                                        "from-expression": "app.mdl['IDF_Pressure'].properties['Channel1_Device1_Pressure']",
                                        "to-property": "value"
                                      },
                                      "name": "twx-databind"
                                    }
                                  ]
                                }
                              ]
                            }
                          ]
                        }
                      ]
                    }
                  ]
                }
              ]
            }
          ]
        }
      ]
    },
    {
      "name": "twx-fragment-parameters"
    },
    {
      "name": "twx-view-data"
    }
  ],
  "name": "twx-view"
}
