{
  "attributes": {
    "namespace": "app.mdl"
  },
  "children": [
    {
      "attributes": {
        "name": "IDF_Temperature",
        "twx-entity-type": "Things",
        "twx-entity-name": "IDF_Temperature"
      },
      "name": "twx-model",
      "children": [
        {
          "attributes": {
            "name": "Channel1_Device1_Temperature",
            "twx-auto-refresh": "true",
            "twx-model": "app.mdl[\"IDF_Temperature\"].properties[\"Channel1_Device1_Temperature\"]"
          },
          "name": "twx-model-property"
        }
      ]
    },
    {
      "attributes": {
        "name": "IDF_Humidity",
        "twx-entity-type": "Things",
        "twx-entity-name": "IDF_Humidity"
      },
      "name": "twx-model",
      "children": [
        {
          "attributes": {
            "name": "Channel1_Device1_Humidity",
            "twx-auto-refresh": "true",
            "twx-model": "app.mdl[\"IDF_Humidity\"].properties[\"Channel1_Device1_Humidity\"]"
          },
          "name": "twx-model-property"
        }
      ]
    },
    {
      "attributes": {
        "name": "IDF_Movement",
        "twx-entity-type": "Things",
        "twx-entity-name": "IDF_Movement"
      },
      "name": "twx-model",
      "children": [
        {
          "attributes": {
            "name": "Channel1_Device1_Acceleration_X",
            "twx-auto-refresh": "true",
            "twx-model": "app.mdl[\"IDF_Movement\"].properties[\"Channel1_Device1_Acceleration_X\"]"
          },
          "name": "twx-model-property"
        }
      ]
    },
    {
      "attributes": {
        "name": "IDF_Pressure",
        "twx-entity-type": "Things",
        "twx-entity-name": "IDF_Pressure"
      },
      "name": "twx-model",
      "children": [
        {
          "attributes": {
            "name": "Channel1_Device1_Pressure",
            "twx-auto-refresh": "true",
            "twx-model": "app.mdl[\"IDF_Pressure\"].properties[\"Channel1_Device1_Pressure\"]"
          },
          "name": "twx-model-property"
        }
      ]
    },
    {
      "attributes": {
        "id": "vumark",
        "isbound": "false",
        "isdeletable": "false",
        "name": "ThingMark",
        "value": ""
      },
      "name": "twx-app-param"
    },
    {
      "attributes": {
        "id": "template",
        "isbound": "false",
        "isdeletable": "false",
        "name": "Thing Template",
        "value": ""
      },
      "name": "twx-app-param",
      "children": [
        {
          "attributes": {
            "databind-id": "db-1660175966436",
            "source-type": "data",
            "source-name": "thing",
            "source-item-type": "value",
            "source-item-name": "thing",
            "binding-type": "custom_field",
            "from-expression": "app.params['thing']",
            "to-property": "app.params['template']"
          },
          "name": "twx-databind"
        }
      ]
    },
    {
      "attributes": {
        "id": "thing",
        "isbound": "false",
        "isdeletable": "false",
        "name": "Thing",
        "value": ""
      },
      "name": "twx-app-param"
    },
    {
      "attributes": {
        "id": "ry",
        "name": "ry",
        "value": ""
      },
      "name": "twx-app-param"
    },
    {
      "attributes": {
        "id": "tiltX",
        "name": "tiltX",
        "value": ""
      },
      "name": "twx-app-param"
    },
    {
      "attributes": {
        "id": "tiltZ",
        "name": "tiltZ",
        "value": ""
      },
      "name": "twx-app-param"
    },
    {
      "attributes": {
        "id": "xpos",
        "name": "xpos",
        "value": ""
      },
      "name": "twx-app-param"
    },
    {
      "attributes": {
        "id": "ypos",
        "name": "ypos",
        "value": ""
      },
      "name": "twx-app-param"
    },
    {
      "attributes": {
        "id": "zpos",
        "name": "zpos",
        "value": ""
      },
      "name": "twx-app-param"
    },
    {
      "attributes": {
        "id": "markerRotation",
        "name": "markerRotation"
      },
      "name": "twx-app-param"
    }
  ],
  "name": "twx-app-mdl"
}
