{
  "experiences": [
    {
      "index-keys": [],
      "title": {
        "en": "CXC Sigma TIle Analysis"
      },
      "description": {
        "en": "",
        "en-US": ""
      },
      "requires": [
        "AR-tracking"
      ],
      "tags": [],
      "icon": "",
      "viewName": "HomePage",
      "url-template": "index.html?expId=1",
      "thumbnail": "public/Uploaded/Screen Shot 2022-08-17 at 1.09.34 PM.png",
      "experienceType": "none",
      "id": 1,
      "entryPoint": "index.html?expId=1",
      "vumark": "",
      "thingTemplateName": ""
    }
  ],
  "requires": [
    "w320dp"
  ],
  "accessType": "public",
  "widgetsUsage": [
    {
      "timestamp": "2022-08-17T20:33:12.514Z",
      "action": "PUBLISH",
      "usage": {
        "twx-view": 3,
        "twx-dt-view": 1,
        "twx-dt-target": 1,
        "twx-dt-model": 1,
        "twx-overlay": 1,
        "twx-overlay-container": 5,
        "twx-image2": 4,
        "twx-overlay-body": 1,
        "twx-gridlayout": 5,
        "twx-row": 19,
        "twx-col": 24,
        "twx-toggle-button": 8,
        "twx-button": 9,
        "twx-label": 4,
        "twx-gauge": 3
      }
    }
  ],
  "designedfor": [],
  "lastExpId": 2
}
